"","state","year","agri_gdp","total_gdp","perc_agri_gdp","region","avg_cy","med_cy","total_cy","max_cy","min_cy","pct_chg_cy","nat_avg_cy","pct_diff_cy","nat_pct_chg_cy","data_item","value","adj_prod_usd","rel_crop_output"
"1","ARKANSAS",2001,2320961,70680254,0.0328374739570121,"south",140.807692307692,148,3661,163,100,11.5384615384615,121.996398639725,15.4195483454554,1.33679153298767,"CORN, GRAIN - PRODUCTION, MEASURED IN $",54187000,78237811.2024661,3.3001
"2","ARKANSAS",2002,1930258,73986464,0.0260893398013993,"south",133.30303030303,135,4399,167,90,-5.32972445018335,111.03058663339,20.0597370012832,-8.98863583565185,"CORN, GRAIN - PRODUCTION, MEASURED IN $",83033000,118015301.059532,3.3269
"3","ARKANSAS",2003,2664342,78306338,0.0340246021975897,"south",140.714285714286,140,4925,180,100,5.55970512778878,119.851171575551,17.407517894461,7.94428383170196,"CORN, GRAIN - PRODUCTION, MEASURED IN $",116130000,161392502.636467,3.8037
"4","ARKANSAS",2004,3810402,84556993,0.045063120917746,"south",140.823529411765,140,4788,164,120,0.0776351149596843,135.881064161137,3.63734658772334,13.3748317808325,"CORN, GRAIN - PRODUCTION, MEASURED IN $",102053000,138130802.134033,3.6089
"5","ARKANSAS",2005,2863354,89643139,0.0319416971777394,"south",132.5,134.5,4505,175,78,-5.91060985797828,124.988117065652,6.01007768634696,-8.01653060544752,"CORN, GRAIN - PRODUCTION, MEASURED IN $",64780000,84803861.4977598,NA
"6","ARKANSAS",2006,2722375,94451577,0.028822970314196,"south",141.815789473684,139.5,5389,183,100,7.03078450844092,122.81050396188,15.4752931538358,-1.74225610793711,"CORN, GRAIN - PRODUCTION, MEASURED IN $",71744000,90985336.86743,NA
"7","ARKANSAS",2007,3039372,96991890,0.0313363519362289,"south",159.777777777778,168,5752,191,95,12.6657182326138,130.898874557409,22.0619950461858,6.58605765353724,"CORN, GRAIN - PRODUCTION, MEASURED IN $",378898000,467188940.003031,NA
"8","ARKANSAS",2008,3003020,99014368,0.0303291336465431,"south",147.970588235294,151,5031,177,114,-7.38975701546265,131.397614547301,12.6128421319451,0.381011671474174,"CORN, GRAIN - PRODUCTION, MEASURED IN $",288891000,343038872.090431,NA
"9","ARKANSAS",2009,2277224,96983664,0.0234804904875526,"south",148.677419354839,151,4609,174,70,0.477683523444972,142.103245818324,4.62633594233279,8.14750808673848,"CORN, GRAIN - PRODUCTION, MEASURED IN $",229977000,274056809.374374,NA
"10","ARKANSAS",2010,2128591,100970753,0.0210812630069224,"south",143.44358974359,150,5594.3,181,80,-3.52025857992446,132.68308739398,8.10992761847509,-6.62909447993019,"CORN, GRAIN - PRODUCTION, MEASURED IN $",259350000,304072820.967598,NA
"11","ARKANSAS",2011,2264870,105107829,0.0215480618479904,"south",130.621875,140.55,4179.9,176.2,50,-8.93850660493717,121.211040903313,7.76400732685237,-8.64620104640983,"CORN, GRAIN - PRODUCTION, MEASURED IN $",459716000,522495956.137771,NA
"12","ARKANSAS",2012,2573470,107718807,0.0238906284953564,"south",165.729032258065,175,5137.6,201.2,41.7,26.8769356266433,105.328412139433,57.3450400435857,-13.1032855138572,"CORN, GRAIN - PRODUCTION, MEASURED IN $",842465000,938101621.589495,NA
"13","ARKANSAS",2013,3874709,112764576,0.0343610479234188,"south",176.396153846154,185.95,4586.3,201.6,98.1,6.43648336247995,142.208381385124,24.0406171057135,35.0142649040115,"CORN, GRAIN - PRODUCTION, MEASURED IN $",828518000,909252333.1379,NA
"14","ARKANSAS",2014,3379540,116151772,0.0290958970475285,"south",179.553125,182.75,5745.7,205.8,95.7,1.789705208992,155.067849992087,15.7900396562942,9.04269388464349,"CORN, GRAIN - PRODUCTION, MEASURED IN $",409324000,442039414.142467,NA
"15","ARKANSAS",2015,2823773,117734280,0.0239842890278006,"south",175.327586206897,179.9,5084.5,199.8,103.5,-2.35336410497086,150.222750861935,16.7117398669093,-3.12450268085821,"CORN, GRAIN - PRODUCTION, MEASURED IN $",331040000,357074940.672329,NA
"16","ARKANSAS",2016,2420040,119191789,0.0203037476012714,"south",167.407407407407,172.9,4520,190.9,110,-4.5173603143905,154.043449743495,8.67544688603498,2.54335568989235,"CORN, GRAIN - PRODUCTION, MEASURED IN $",470088000,500741229.335513,NA
"17","ARKANSAS",2017,2996231,122978474,0.0243638655005591,"south",179.906896551724,183.4,5217.3,203.4,141.9,7.4665090021361,157.421269653355,14.2837285888263,2.19277088086811,"CORN, GRAIN - PRODUCTION, MEASURED IN $",396341000,413379929.914821,NA
"18","ARKANSAS",2018,2916709,127761316,0.0228293593970181,"south",179.522222222222,185.3,4847.1,200,110,-0.213818556639567,156.524640925052,14.6926267718975,-0.569572796787465,"CORN, GRAIN - PRODUCTION, MEASURED IN $",443631000,451670525.678977,NA
"19","ARKANSAS",2019,1917548,130954101,0.014642901485002,"south",170.786206896552,177,4952.8,193,119.8,-4.86625845955526,152.508715891961,11.9845550450628,-2.56568231644335,"CORN, GRAIN - PRODUCTION, MEASURED IN $",496493000,496493000,NA
"20","ILLINOIS",2001,2084980,501155524,0.00416034524244813,"mid",148.156862745098,148,15112,175,118,1.36839280922993,121.996398639725,21.443636367192,1.33679153298767,"CORN, GRAIN - PRODUCTION, MEASURED IN $",3364368000,4857637226.63404,NA
"21","ILLINOIS",2002,2459336,513611529,0.00478831930581527,"mid",120.852941176471,128.5,12327,178,46,-18.4290629962943,111.03058663339,8.84653034889614,-8.98863583565185,"CORN, GRAIN - PRODUCTION, MEASURED IN $",3458025000,4914911679.04795,NA
"22","ILLINOIS",2003,3329520,530142933,0.00628041947321403,"mid",151.637254901961,160,15467,194,55,25.4725399529488,119.851171575551,26.5212954604897,7.94428383170196,"CORN, GRAIN - PRODUCTION, MEASURED IN $",4385524000,6094813517.0265,NA
"23","ILLINOIS",2004,4936119,561036990,0.00879820597925281,"mid",174,179,17748,200,132,14.7475269929527,135.881064161137,28.0531625758085,13.3748317808325,"CORN, GRAIN - PRODUCTION, MEASURED IN $",4468320000,6047961606.14136,NA
"24","ILLINOIS",2005,2468115,589149375,0.00418928561198932,"mid",137.352941176471,136.5,14010,181,84,-21.0615280594997,124.988117065652,9.89279973257275,-8.01653060544752,"CORN, GRAIN - PRODUCTION, MEASURED IN $",3554408000,4653095457.52592,NA
"25","ILLINOIS",2006,3508884,623471187,0.00562798100884813,"mid",154.156862745098,156.5,15724,188,110,12.2341184867951,122.81050396188,25.524167536148,-1.74225610793711,"CORN, GRAIN - PRODUCTION, MEASURED IN $",5579572000,7075981796.33252,NA
"26","ILLINOIS",2007,4969480,648243562,0.00766606919267792,"mid",164.06862745098,177,16735,204,79,6.4296616636988,130.898874557409,25.3399832548016,6.58605765353724,"CORN, GRAIN - PRODUCTION, MEASURED IN $",9340538000,11517073321.258,NA
"27","ILLINOIS",2008,6645939,648732041,0.0102445055584976,"mid",170.82,170.5,17082,207,131,4.11496862862264,131.397614547301,30.0023600797618,0.381011671474174,"CORN, GRAIN - PRODUCTION, MEASURED IN $",8541701000,10142702530.6213,NA
"28","ILLINOIS",2009,4819665,645146672,0.00747065002297648,"mid",166.811881188119,167,16848,193,121,-2.346399023464,142.103245818324,17.3878050620914,8.14750808673848,"CORN, GRAIN - PRODUCTION, MEASURED IN $",7247796000,8636984771.33082,NA
"29","ILLINOIS",2010,4825636,661714828,0.0072926218301398,"mid",151.576,154.75,15157.6,189.8,95.8,-9.13357075023742,132.68308739398,14.2391264607227,-6.62909447993019,"CORN, GRAIN - PRODUCTION, MEASURED IN $",10201232000,11960352387.0635,NA
"30","ILLINOIS",2011,7815972,687950990,0.0113612337413745,"mid",149.846464646465,151.2,14834.8,186.5,109.2,-1.14103509363972,121.211040903313,23.6244351420047,-8.64620104640983,"CORN, GRAIN - PRODUCTION, MEASURED IN $",12118438000,13773361922.8095,NA
"31","ILLINOIS",2012,5911119,720881452,0.0081998489260617,"mid",91.4431578947368,97.4,8687.1,180.1,19,-38.975431879237,105.328412139433,-13.1828193007555,-13.1032855138572,"CORN, GRAIN - PRODUCTION, MEASURED IN $",8836538000,9839661739.1075,NA
"32","ILLINOIS",2013,10902303,734808500,0.0148369309826982,"mid",173.692708333333,174.75,16674.5,199.8,136.1,89.9460958394247,142.208381385124,22.1395719728678,35.0142649040115,"CORN, GRAIN - PRODUCTION, MEASURED IN $",9493808000,10418925206.65,NA
"33","ILLINOIS",2014,7763989,766120794,0.0101341577735586,"mid",194.592857142857,195.4,19070.1,236,142.3,12.0328302840522,155.067849992087,25.4888470774487,9.04269388464349,"CORN, GRAIN - PRODUCTION, MEASURED IN $",8718500000,9415330232.77672,NA
"34","ILLINOIS",2015,4386804,795326117,0.00551572984494359,"mid",172.042553191489,171.35,16172,220.5,92.5,-11.5884541100154,150.222750861935,14.5249652295401,-3.12450268085821,"CORN, GRAIN - PRODUCTION, MEASURED IN $",7426125000,8010159327.57461,NA
"35","ILLINOIS",2016,5785563,803943650,0.00719647826063431,"mid",183.528125,195.3,17618.7,236,93.9,6.67600636903289,154.043449743495,19.1404927022875,2.54335568989235,"CORN, GRAIN - PRODUCTION, MEASURED IN $",7736880000,8241382044.2584,NA
"36","ILLINOIS",2017,5871708,823776248,0.00712779473097894,"mid",190.633,194.5,19063.3,246.7,119.6,3.87127313592945,157.421269653355,21.0973589653917,2.19277088086811,"CORN, GRAIN - PRODUCTION, MEASURED IN $",7505240000,7827894629.1045,NA
"37","ILLINOIS",2018,6584386,863039483,0.00762929869339477,"mid",202.591111111111,206.05,18233.2,246,147.7,6.27284421433387,156.524640925052,29.4308103272489,-0.569572796787465,"CORN, GRAIN - PRODUCTION, MEASURED IN $",8210160000,8358945346.71498,NA
"38","ILLINOIS",2019,5028367,885582973,0.00567803035210344,"mid",175.850574712644,179,15299,206.3,124.5,-13.1992643960581,152.508715891961,15.3052621839778,-2.56568231644335,"CORN, GRAIN - PRODUCTION, MEASURED IN $",6554010000,6554010000,NA
"39","INDIANA",2001,2062550,204705595,0.0100756894309606,"mid",154.020224719101,158.2,13707.8,173.8,90.3,5.3846272122023,121.996398639725,26.2498126472956,1.33679153298767,"CORN, GRAIN - PRODUCTION, MEASURED IN $",1751350000,2528683829.13686,NA
"40","INDIANA",2002,1867479,212438586,0.00879067703830414,"mid",112.239325842697,113.1,9989.3,162.9,64,-27.1268912589912,111.03058663339,1.08865425821575,-8.98863583565185,"CORN, GRAIN - PRODUCTION, MEASURED IN $",1522204000,2163517677.71879,NA
"41","INDIANA",2003,2498349,223500164,0.0111782870996014,"mid",144.004494382022,144,12816.4,164.1,117.5,28.3012823721382,119.851171575551,20.1527632053612,7.94428383170196,"CORN, GRAIN - PRODUCTION, MEASURED IN $",1990958000,2766948198.26138,NA
"42","INDIANA",2004,3272425,236921299,0.0138122870920102,"mid",163.629213483146,165,14563,188.6,129.6,13.6278518148622,135.881064161137,20.4209096339597,13.3748317808325,"CORN, GRAIN - PRODUCTION, MEASURED IN $",1848790000,2502374704.09865,NA
"43","INDIANA",2005,2127860,243862242,0.00872566405749686,"mid",150.2,151.1,13367.8,178.6,109.4,-8.20710018540136,124.988117065652,20.1714239131269,-8.01653060544752,"CORN, GRAIN - PRODUCTION, MEASURED IN $",1777160000,2326490128.11607,NA
"44","INDIANA",2006,2404495,255462938,0.00941230465297475,"mid",153.501136363636,154.1,13508.1,177.1,119.2,2.19782713957148,122.81050396188,24.9902340692963,-1.74225610793711,"CORN, GRAIN - PRODUCTION, MEASURED IN $",2677572000,3395681735.15274,NA
"45","INDIANA",2007,3110569,269071340,0.0115603876652192,"mid",149.438202247191,149.6,13300,186.8,105.7,-2.6468430219438,130.898874557409,14.1630917396856,6.58605765353724,"CORN, GRAIN - PRODUCTION, MEASURED IN $",4306502000,5310004551.35929,NA
"46","INDIANA",2008,4005098,273140130,0.014663162091927,"mid",151.164835164835,151,13756,194,105,1.15541601255886,131.397614547301,15.0438200005663,0.381011671474174,"CORN, GRAIN - PRODUCTION, MEASURED IN $",3581760000,4253102071.36471,NA
"47","INDIANA",2009,3096271,261500241,0.0118404135619898,"mid",168.244444444444,169,15142,196,134,11.2986656327744,142.103245818324,18.3959194426434,8.14750808673848,"CORN, GRAIN - PRODUCTION, MEASURED IN $",3417196000,4072171707.4615,NA
"48","INDIANA",2010,3233617,280497026,0.011528168573167,"mid",151.34347826087,154.1,13923.6,181.6,83.9,-10.0454824760384,132.68308739398,14.0638805091118,-6.62909447993019,"CORN, GRAIN - PRODUCTION, MEASURED IN $",4831455000,5664600544.546,NA
"49","INDIANA",2011,4658864,288942949,0.0161238196541006,"mid",138.977011494253,141.2,12091,175.9,97,-8.17112630733959,121.211040903313,14.6570563692392,-8.64620104640983,"CORN, GRAIN - PRODUCTION, MEASURED IN $",5297245000,6020649903.79066,NA
"50","INDIANA",2012,4087652,297816092,0.0137254235409146,"mid",91.5852272727273,91.3,8059.5,165.7,30.1,-34.1004484928685,105.328412139433,-13.0479370072654,-13.1032855138572,"CORN, GRAIN - PRODUCTION, MEASURED IN $",4316093000,4806055850.66569,NA
"51","INDIANA",2013,7285210,308725357,0.0235977053222745,"mid",175.033333333333,178.8,14177.7,211.5,145.8,91.1152470169779,142.208381385124,23.0822906698547,35.0142649040115,"CORN, GRAIN - PRODUCTION, MEASURED IN $",4612638000,5062113150.73485,NA
"52","INDIANA",2014,5391287,325008250,0.0165881543006985,"mid",185.369662921348,186,16497.9,214.9,151.2,5.90534922187107,155.067849992087,19.5410028131608,9.04269388464349,"CORN, GRAIN - PRODUCTION, MEASURED IN $",4067850000,4392974833.67561,NA
"53","INDIANA",2015,3706334,329527685,0.0112474130967175,"mid",152.731818181818,156.75,13440.4,190.5,97.6,-17.6068965251225,150.222750861935,1.67023124359468,-3.12450268085821,"CORN, GRAIN - PRODUCTION, MEASURED IN $",3222240000,3475655983.66362,NA
"54","INDIANA",2016,3666648,337217154,0.0108732546862073,"mid",166.717647058824,165,14171,212.3,126.3,9.15711542198501,154.043449743495,8.22767689014587,2.54335568989235,"CORN, GRAIN - PRODUCTION, MEASURED IN $",3435105000,3659099361.38886,NA
"55","INDIANA",2017,3879088,350436328,0.0110693090015485,"mid",177.439772727273,177.85,15614.7,206,142.1,6.43130817739173,157.421269653355,12.7165173537219,2.19277088086811,"CORN, GRAIN - PRODUCTION, MEASURED IN $",3332160000,3475411494.81121,NA
"56","INDIANA",2018,4082130,368424528,0.0110799626239869,"mid",187.181176470588,187.1,15910.4,215.7,142.1,5.489977581457,156.524640925052,19.5857568267579,-0.569572796787465,"CORN, GRAIN - PRODUCTION, MEASURED IN $",3657830000,3724117563.79589,NA
"57","INDIANA",2019,3372140,379684082,0.00888143633053334,"mid",162.075641025641,167.6,12641.9,194.6,121,-13.4124252867339,152.508715891961,6.27303500506632,-2.56568231644335,"CORN, GRAIN - PRODUCTION, MEASURED IN $",3127987000,3127987000,NA
"58","IOWA",2001,2973173,94973424,0.0313053154743584,"mid",142.79898989899,143.3,14137.1,173.6,108.3,-0.398768467700461,121.996398639725,17.0518076690919,1.33679153298767,"CORN, GRAIN - PRODUCTION, MEASURED IN $",3162360000,4565968306.68298,NA
"59","IOWA",2002,3787133,99123207,0.038206320342319,"mid",159.655555555556,163.5,15805.9,195.3,96.6,11.8044011855331,111.03058663339,43.7942105833585,-8.98863583565185,"CORN, GRAIN - PRODUCTION, MEASURED IN $",4288041000,6094618399.55942,NA
"60","IOWA",2003,3940083,105020380,0.037517318067217,"mid",152.651515151515,157.1,15112.5,180.9,104.8,-4.38696942281047,119.851171575551,27.3675619059662,7.94428383170196,"CORN, GRAIN - PRODUCTION, MEASURED IN $",4427871000,6153665564.81042,NA
"61","IOWA",2004,6820293,116834350,0.0583757516518045,"mid",179.387878787879,181.4,17759.4,195.5,153,17.5146401985111,135.881064161137,32.0183057847913,13.3748317808325,"CORN, GRAIN - PRODUCTION, MEASURED IN $",4466356000,6045303292.36919,NA
"62","IOWA",2005,4916817,122256231,0.0402173121139323,"mid",168.586868686869,174.7,16690.1,193,115,-6.02103674673693,124.988117065652,34.8823173312673,-8.01653060544752,"CORN, GRAIN - PRODUCTION, MEASURED IN $",4195250000,5492025315.66034,NA
"63","IOWA",2006,4868276,127052598,0.038317012612367,"mid",164.463636363636,166.5,16281.9,185.5,109.3,-2.4457612596689,122.81050396188,33.9165877982922,-1.74225610793711,"CORN, GRAIN - PRODUCTION, MEASURED IN $",6211803000,7877773590.94994,NA
"64","IOWA",2007,6516133,137179850,0.0475006569842437,"mid",169.047474747475,171.1,16735.7,198.5,137.6,2.78714400653486,130.898874557409,29.1435662216748,6.58605765353724,"CORN, GRAIN - PRODUCTION, MEASURED IN $",10196901000,12572986316.9134,NA
"65","IOWA",2008,7789477,137116232,0.0568092988436263,"mid",165.848484848485,171,16419,196,103,-1.89236183727003,131.397614547301,26.2187943212483,0.381011671474174,"CORN, GRAIN - PRODUCTION, MEASURED IN $",8974080000,10656123871.1116,NA
"66","IOWA",2009,6021959,136819855,0.0440137800175274,"mid",176.747474747475,179,17498,206.6,134.4,6.57165479018211,142.103245818324,24.3796183047378,8.14750808673848,"CORN, GRAIN - PRODUCTION, MEASURED IN $",8642207000,10298663241.8584,NA
"67","IOWA",2010,6441603,142016651,0.0453580826941201,"mid",154.60202020202,167.3,15305.6,196.5,71.2,-12.5294319350783,132.68308739398,16.519763926623,-6.62909447993019,"CORN, GRAIN - PRODUCTION, MEASURED IN $",11261498000,13203452728.6715,NA
"68","IOWA",2011,10724091,148102234,0.0724100556106399,"mid",164.769696969697,172.8,16312.2,196.5,97.8,6.57667781726949,121.211040903313,35.9362115379654,-8.64620104640983,"CORN, GRAIN - PRODUCTION, MEASURED IN $",14609680000,16604814103.6354,NA
"69","IOWA",2012,10520476,157838618,0.0666533712301004,"mid",130.334343434343,132.1,12903.1,170.6,44.5,-20.8990816689349,105.328412139433,23.7409173716653,-13.1032855138572,"CORN, GRAIN - PRODUCTION, MEASURED IN $",12988148000,14462562480.6305,NA
"70","IOWA",2013,12912446,161582978,0.0799121674809088,"mid",159.809090909091,160.5,15821.1,196,109.1,22.6147204935248,142.208381385124,12.3767033648331,35.0142649040115,"CORN, GRAIN - PRODUCTION, MEASURED IN $",9609498000,10545888534.4482,NA
"71","IOWA",2014,11278680,172121880,0.0655272879891853,"mid",178.143434343434,176.7,17636.2,200.9,153.7,11.4726536081562,155.067849992087,14.8809597556974,9.04269388464349,"CORN, GRAIN - PRODUCTION, MEASURED IN $",8783054000,9485043741.7343,NA
"72","IOWA",2015,9162715,179459192,0.0510573735337001,"mid",187.759793814433,192.9,18212.7,209.6,142.4,5.39809929366228,150.222750861935,24.9875885890263,-3.12450268085821,"CORN, GRAIN - PRODUCTION, MEASURED IN $",8819712000,9513346239.56932,NA
"73","IOWA",2016,7595800,179939750,0.042213018524256,"mid",200.142424242424,202.3,19814.1,219.7,159.9,6.59493184160038,154.043449743495,29.9259556804859,2.54335568989235,"CORN, GRAIN - PRODUCTION, MEASURED IN $",9043650000,9633363154.72872,NA
"74","IOWA",2017,8440694,182151347,0.0463389051962377,"mid",197.942708333333,200.7,19002.5,222.4,107.3,-1.09907527972505,157.421269653355,25.740764744947,2.19277088086811,"CORN, GRAIN - PRODUCTION, MEASURED IN $",8625198000,8996000274.36337,NA
"75","IOWA",2018,9144256,190146967,0.0480904646772515,"mid",192.592708333333,193.3,18488.9,226,142.6,-2.70280226286015,156.524640925052,23.0430603099432,-0.569572796787465,"CORN, GRAIN - PRODUCTION, MEASURED IN $",8971410000,9133990795.9129,NA
"76","IOWA",2019,8966343,194658065,0.0460620164903006,"mid",193.951086956522,196.7,17843.5,234.7,151.5,0.70531155355964,152.508715891961,27.1737722150377,-2.56568231644335,"CORN, GRAIN - PRODUCTION, MEASURED IN $",9043650000,9043650000,NA
"77","KANSAS",2001,2032625,88594706,0.022942962302962,"mid",109.25,106,11362,181,42,-4.75547990700764,121.996398639725,-10.4481761608123,1.33679153298767,"CORN, GRAIN - PRODUCTION, MEASURED IN $",786321000,1135328288.01252,NA
"78","KANSAS",2002,1718741,91049746,0.0188769444782416,"mid",98.552380952381,90,10348,191,18,-9.79187098180233,111.03058663339,-11.238529903666,-8.98863583565185,"CORN, GRAIN - PRODUCTION, MEASURED IN $",747968000,1063091405.86148,NA
"79","KANSAS",2003,2736038,94630183,0.0289129526464088,"mid",105.865384615385,97.5,11010,194,36,7.42042312152478,119.851171575551,-11.6692951569103,7.94428383170196,"CORN, GRAIN - PRODUCTION, MEASURED IN $",7.53e+08,1046487165.11891,NA
"80","KANSAS",2004,3047919,98013941,0.0310967906085931,"mid",142.847619047619,141,14999,220,56,34.9332641321742,135.881064161137,5.12695049121797,13.3748317808325,"CORN, GRAIN - PRODUCTION, MEASURED IN $",915840000,1239607986.30548,NA
"81","KANSAS",2005,3197689,103966252,0.0307569902587236,"mid",123.504854368932,118,12721,206,59,-13.5408379976141,124.988117065652,-1.18672297138526,-8.01653060544752,"CORN, GRAIN - PRODUCTION, MEASURED IN $",964103000,1262112647.13761,NA
"82","KANSAS",2006,2559970,112634032,0.0227282105997946,"mid",102.699029126214,98,10578,186,37,-16.8461598930902,122.81050396188,-16.3760217464046,-1.74225610793711,"CORN, GRAIN - PRODUCTION, MEASURED IN $",1062600000,1347583337.35687,NA
"83","KANSAS",2007,3359282,122349106,0.0274565308225464,"mid",128.326732673267,121,12961,215,77,24.9541828828374,130.898874557409,-1.96498395638519,6.58605765353724,"CORN, GRAIN - PRODUCTION, MEASURED IN $",2097379000,2586110963.35852,NA
"84","KANSAS",2008,3943832,127824457,0.0308535009071073,"mid",126.295081967213,129,7704,182,71,-1.58318587540679,131.397614547301,-3.88327641842486,0.381011671474174,"CORN, GRAIN - PRODUCTION, MEASURED IN $",1989095000,2361918181.185,NA
"85","KANSAS",2009,3927745,124779539,0.0314774764474807,"mid",145.457831325301,141,12073,225,91,15.1729972850905,142.103245818324,2.36066775791027,8.14750808673848,"CORN, GRAIN - PRODUCTION, MEASURED IN $",2088067000,2488287871.30852,NA
"86","KANSAS",2010,4540115,127970395,0.035477854077109,"mid",114.275789473684,108.3,10856.2,181.6,57.8,-21.4371694995793,132.68308739398,-13.8731305412259,-6.62909447993019,"CORN, GRAIN - PRODUCTION, MEASURED IN $",2854170000,3346348654.02386,NA
"87","KANSAS",2011,6172173,135528500,0.0455415134086189,"mid",92.4870967741935,97.1,8601.3,163.1,21.7,-19.0667619097991,121.211040903313,-23.6974651113108,-8.64620104640983,"CORN, GRAIN - PRODUCTION, MEASURED IN $",2822232000,3207642995.42024,NA
"88","KANSAS",2012,5402208,140764137,0.0383777296911926,"mid",86.5268817204301,75.9,8047,198.3,28.7,-6.44437468754723,105.328412139433,-17.8503881688769,-13.1032855138572,"CORN, GRAIN - PRODUCTION, MEASURED IN $",2641760000,2941652578.86116,NA
"89","KANSAS",2013,7308307,143065838,0.0510835228183544,"mid",119.602380952381,116,10046.6,212.3,39.4,38.2256919171297,142.208381385124,-15.8963910653915,35.0142649040115,"CORN, GRAIN - PRODUCTION, MEASURED IN $",2262960000,2483472489.18882,NA
"90","KANSAS",2014,4982658,148942736,0.0334535146447155,"mid",143.106172839506,143.3,11591.6,211.7,77.6,19.6516086886959,155.067849992087,-7.71383439777551,9.04269388464349,"CORN, GRAIN - PRODUCTION, MEASURED IN $",2140236000,2311295373.75433,NA
"91","KANSAS",2015,4171530,154015613,0.0270851111698656,"mid",141.19552238806,136,9460.1,222.1,86.4,-1.33512790785709,150.222750861935,-6.0092285769495,-3.12450268085821,"CORN, GRAIN - PRODUCTION, MEASURED IN $",2140790000,2309154368.78297,NA
"92","KANSAS",2016,4663832,159232758,0.0292894003632092,"mid",135.990666666667,132.6,10199.3,194.2,72.4,-3.68627533887944,154.043449743495,-11.7192799219236,2.54335568989235,"CORN, GRAIN - PRODUCTION, MEASURED IN $",2235648000,2381428855.62167,NA
"93","KANSAS",2017,4014776,163968320,0.0244850712625463,"mid",124.24125,126.2,9939.3,199.6,48.1,-8.63986989303188,157.421269653355,-21.0772151224659,2.19277088086811,"CORN, GRAIN - PRODUCTION, MEASURED IN $",2251392000,2348180650.42675,NA
"94","KANSAS",2018,4381422,171718808,0.0255150967504969,"mid",117.837313432836,116.4,7895.1,187.6,50.7,-5.15443668440567,156.524640925052,-24.7164454513845,-0.569572796787465,"CORN, GRAIN - PRODUCTION, MEASURED IN $",2299864000,2341542367.12528,NA
"95","KANSAS",2019,4966791,176493058,0.0281415657719523,"mid",124.946875,123.1,7996.6,185,68,6.0333703816291,152.508715891961,-18.0723053962937,-2.56568231644335,"CORN, GRAIN - PRODUCTION, MEASURED IN $",2850350000,2850350000,NA
"96","KENTUCKY",2001,1900326,117335829,0.0161956157483662,"mid",125.086813186813,128,11382.9,161,80,-0.0315277053924867,121.996398639725,2.53320145639245,1.33679153298767,"CORN, GRAIN - PRODUCTION, MEASURED IN $",324896000,469100557.48494,NA
"97","KENTUCKY",2002,1685968,122215757,0.0137950133549473,"mid",91.4127659574468,94.5,8592.8,125,45.8,-26.9205413196316,111.03058663339,-17.6688435779586,-8.98863583565185,"CORN, GRAIN - PRODUCTION, MEASURED IN $",287102000,408059795.07899,NA
"98","KENTUCKY",2003,1820646,127174245,0.0143161534003996,"mid",121.80752688172,118,11328.1,183,62,33.2500177693152,119.851171575551,1.63232055260857,7.94428383170196,"CORN, GRAIN - PRODUCTION, MEASURED IN $",374339000,520240317.268856,NA
"99","KENTUCKY",2004,2531831,134190814,0.0188673943061408,"mid",135.803157894737,138,12901.3,192,85,11.4899558108644,135.881064161137,-0.0573341597532486,13.3748317808325,"CORN, GRAIN - PRODUCTION, MEASURED IN $",388147000,525364824.707933,NA
"100","KENTUCKY",2005,2231040,142708001,0.0156336013703955,"mid",108.317391304348,109,9965.2,153,46,-20.2394163850694,124.988117065652,-13.3378485512728,-8.01653060544752,"CORN, GRAIN - PRODUCTION, MEASURED IN $",344230000,450633424.56582,NA
"101","KENTUCKY",2006,2399316,151185766,0.0158699860673392,"mid",134.532608695652,137.5,12377,169,92.1,24.2022237386104,122.81050396188,9.54487145286086,-1.74225610793711,"CORN, GRAIN - PRODUCTION, MEASURED IN $",482851000,612348919.655657,NA
"102","KENTUCKY",2007,2094706,154542441,0.0135542442997908,"mid",115.960674157303,114,10320.5,164,57,-13.8047828838013,130.898874557409,-11.4120159173365,6.58605765353724,"CORN, GRAIN - PRODUCTION, MEASURED IN $",710093000,875559110.825531,NA
"103","KENTUCKY",2008,1534401,158209186,0.00969855821140499,"mid",119.629213483146,117,10647,170,70,3.16360641441791,131.397614547301,-8.95632778776112,0.381011671474174,"CORN, GRAIN - PRODUCTION, MEASURED IN $",664115000,788592446.764823,NA
"104","KENTUCKY",2009,1903757,156038462,0.0122005624485071,"mid",153.366666666667,156,13803,182,113,28.2016843555305,142.103245818324,7.92622348876017,8.14750808673848,"CORN, GRAIN - PRODUCTION, MEASURED IN $",709665000,845686854.010031,NA
"105","KENTUCKY",2010,1576328,164820344,0.00956391645439109,"mid",122.166666666667,123.2,10995,156.8,76.5,-20.3434036079113,132.68308739398,-7.92596926546223,-6.62909447993019,"CORN, GRAIN - PRODUCTION, MEASURED IN $",785478000,920927361.742768,NA
"106","KENTUCKY",2011,2165194,170004698,0.012736083328709,"mid",131.045054945055,132.8,11925.1,162.5,85.1,7.26743924561113,121.211040903313,8.11313389312987,-8.64620104640983,"CORN, GRAIN - PRODUCTION, MEASURED IN $",1138410000,1293874090.58375,NA
"107","KENTUCKY",2012,2112130,176323096,0.0119787483767867,"mid",72.5677419354839,70.7,6748.8,114.2,26.1,-44.6238227257714,105.328412139433,-31.1033552471873,-13.1032855138572,"CORN, GRAIN - PRODUCTION, MEASURED IN $",724118000,806319870.881452,NA
"108","KENTUCKY",2013,3910883,182470676,0.0214329397234216,"mid",158.21875,160.65,12657.5,194,110,118.029038495733,142.208381385124,11.2583860802956,35.0142649040115,"CORN, GRAIN - PRODUCTION, MEASURED IN $",1135277000,1245903240.49423,NA
"109","KENTUCKY",2014,3135320,186419003,0.01681867164583,"mid",152.206172839506,152.4,12328.7,199.1,97.7,-3.80016727505041,155.067849992087,-1.8454354998322,9.04269388464349,"CORN, GRAIN - PRODUCTION, MEASURED IN $",890204000,961353975.40159,NA
"110","KENTUCKY",2015,2937897,192819326,0.0152365276912129,"mid",162.143209876543,167.6,13133.6,192.7,103.2,6.52866887830834,150.222750861935,7.93518887532835,-3.12450268085821,"CORN, GRAIN - PRODUCTION, MEASURED IN $",874242000,942997554.021442,NA
"111","KENTUCKY",2016,2488174,195840187,0.0127051247147757,"mid",153.871794871795,153.3,12002,187.7,119,-5.10130212115959,154.043449743495,-0.11143276262998,2.54335568989235,"CORN, GRAIN - PRODUCTION, MEASURED IN $",832524000,886810748.649867,NA
"112","KENTUCKY",2017,2966040,200345502,0.0148046248625038,"mid",167.21625,170.3,13377.3,205,106.7,8.67245042492919,157.421269653355,6.2221454370265,2.19277088086811,"CORN, GRAIN - PRODUCTION, MEASURED IN $",801320000,835769212.469424,NA
"113","KENTUCKY",2018,2844165,207849420,0.0136837764570139,"mid",169.622666666667,174,12721.7,202,125,1.43910455273735,156.524640925052,8.36802797579117,-0.569572796787465,"CORN, GRAIN - PRODUCTION, MEASURED IN $",819840000,834697223.081013,NA
"114","KENTUCKY",2019,2797910,215398861,0.0129894373025492,"mid",156.5515625,161.5,10019.3,200,110,-7.70598907771761,152.508715891961,2.65089544842985,-2.56568231644335,"CORN, GRAIN - PRODUCTION, MEASURED IN $",960596000,960596000,NA
"115","MINNESOTA",2001,2160097,195282250,0.0110614098311546,"north",121.25243902439,125.5,9942.7,153,85,-7.06280437078789,121.996398639725,-0.609820964905789,1.33679153298767,"CORN, GRAIN - PRODUCTION, MEASURED IN $",1531400000,2211109381.87124,7.1304
"116","MINNESOTA",2002,2588455,202853897,0.0127601936087035,"north",145.120731707317,149,11899.9,173,89,19.6847938688686,111.03058663339,30.7033819306822,-8.98863583565185,"CORN, GRAIN - PRODUCTION, MEASURED IN $",2261585000,3214404328.96224,8.1709
"117","MINNESOTA",2003,3240802,214847207,0.0150842175016034,"north",129.993902439024,137,10659.5,172,60,-10.4236170051849,119.851171575551,8.4627715608772,7.94428383170196,"CORN, GRAIN - PRODUCTION, MEASURED IN $",2281615000,3170890854.24009,7.6733
"118","MINNESOTA",2004,4263562,230245213,0.0185174837923775,"north",139.653333333333,150,10474,192,49,7.43067998811702,135.881064161137,2.7761551585455,13.3748317808325,"CORN, GRAIN - PRODUCTION, MEASURED IN $",2174643000,2943423338.31598,7.9838
"119","MINNESOTA",2005,4153889,243069920,0.0170892762049702,"north",153.389873417722,166,12117.8,191,0,9.83617057789874,124.988117065652,22.7235652627289,-8.01653060544752,"CORN, GRAIN - PRODUCTION, MEASURED IN $",2216934000,2902200739.20461,NA
"120","MINNESOTA",2006,4438794,250156580,0.0177440625387507,"north",141.942857142857,155,10929.6,181,67,-7.46269360539278,122.81050396188,15.5787596042401,-1.74225610793711,"CORN, GRAIN - PRODUCTION, MEASURED IN $",3187237000,4042036018.6404,NA
"121","MINNESOTA",2007,4764555,259296198,0.0183749512594087,"north",130.019480519481,137,10011.5,176,59,-8.40012443273314,130.898874557409,-0.671811763777232,6.58605765353724,"CORN, GRAIN - PRODUCTION, MEASURED IN $",4733393000,5836369836.44085,NA
"122","MINNESOTA",2008,6460907,264866409,0.0243930780969662,"north",151.72602739726,156,11076,185,87,16.6948420275587,131.397614547301,15.4709146889734,0.381011671474174,"CORN, GRAIN - PRODUCTION, MEASURED IN $",4572288000,5429288272.71397,NA
"123","MINNESOTA",2009,4493343,260513093,0.0172480505615125,"north",161.513513513514,174.5,11952,193,79,6.45076278879095,142.103245818324,13.6592711752728,8.14750808673848,"CORN, GRAIN - PRODUCTION, MEASURED IN $",4317027000,5144473776.08641,NA
"124","MINNESOTA",2010,5440699,272636033,0.019955905828486,"north",166.052631578947,173.35,12620,195.4,95.8,2.81036426407384,132.68308739398,25.1498098517125,-6.62909447993019,"CORN, GRAIN - PRODUCTION, MEASURED IN $",6473421000,7589710371.23921,NA
"125","MINNESOTA",2011,6976266,285408090,0.0244431263318429,"north",145.597297297297,146.35,10774.2,183.6,70,-12.3185848288859,121.211040903313,20.1188408351652,-8.64620104640983,"CORN, GRAIN - PRODUCTION, MEASURED IN $",7268415000,8261007763.55645,NA
"126","MINNESOTA",2012,8746509,296272485,0.0295218403423457,"north",158.202666666667,164,11865.2,194.5,105,8.65769461615091,105.328412139433,50.1994224096329,-13.1032855138572,"CORN, GRAIN - PRODUCTION, MEASURED IN $",9167582000,10208285851.94,NA
"127","MINNESOTA",2013,8742926,308784544,0.0283140013640061,"north",147.579746835443,154.5,11658.8,189.9,74.2,-6.71475396404418,142.208381385124,3.77710891439859,35.0142649040115,"CORN, GRAIN - PRODUCTION, MEASURED IN $",5565318000,6107626359.54119,NA
"128","MINNESOTA",2014,7364424,322690244,0.022821960492862,"north",144.231506849315,150.3,10528.9,186.3,81.6,-2.26876658750566,155.067849992087,-6.98813012711828,9.04269388464349,"CORN, GRAIN - PRODUCTION, MEASURED IN $",4216524000,4553531673.38746,NA
"129","MINNESOTA",2015,6259821,333065800,0.0187945475038266,"north",177.893333333333,185.3,13342,207.4,114.9,23.3387470042771,150.222750861935,18.4197016181855,-3.12450268085821,"CORN, GRAIN - PRODUCTION, MEASURED IN $",4815056000,5193740440.83477,NA
"130","MINNESOTA",2016,5024074,341696346,0.0147033296048182,"north",182.154430379747,189.2,14390.2,209.4,113.5,2.39531013701852,154.043449743495,18.2487348102508,2.54335568989235,"CORN, GRAIN - PRODUCTION, MEASURED IN $",4956240000,5279423662.12676,NA
"131","MINNESOTA",2017,5655271,353416386,0.016001722681868,"north",183.313698630137,190.2,13381.9,218.9,117.8,0.63642056247184,157.421269653355,16.4478593228209,2.19277088086811,"CORN, GRAIN - PRODUCTION, MEASURED IN $",4707100000,4909460964.42723,NA
"132","MINNESOTA",2018,5540972,371929668,0.0148979026862681,"north",177.814285714286,183,11202.3,206.9,90.4,-3.00000106754006,156.524640925052,13.6014653433565,-0.569572796787465,"CORN, GRAIN - PRODUCTION, MEASURED IN $",4711288000,4796666435.81052,NA
"133","MINNESOTA",2019,5329510,383777035,0.0138869956093126,"north",168.8,172.7,10972,199.3,123.7,-5.06949465734715,152.508715891961,10.6821987273041,-2.56568231644335,"CORN, GRAIN - PRODUCTION, MEASURED IN $",4088855000,4088855000,NA
"134","MISSOURI",2001,1660492,190570805,0.00871325489756944,"mid",124.771134020619,123.6,12102.8,170.9,91.5,-5.88548192702946,121.996398639725,2.27444040302162,1.33679153298767,"CORN, GRAIN - PRODUCTION, MEASURED IN $",677768000,978594216.750753,NA
"135","MISSOURI",2002,1577702,196764841,0.00801821093637354,"mid",101.413541666667,99.15,9735.7,146.7,72.9,-18.7203494921286,111.03058663339,-8.66161772023953,-8.98863583565185,"CORN, GRAIN - PRODUCTION, MEASURED IN $",694575000,987203614.628214,NA
"136","MISSOURI",2003,2184073,205194216,0.0106439306261927,"mid",97.8916666666667,98.55,9397.6,158.9,40.3,-3.47278572675821,119.851171575551,-18.3223114302569,7.94428383170196,"CORN, GRAIN - PRODUCTION, MEASURED IN $",743904000,1033845933.706,NA
"137","MISSOURI",2004,3679583,215413241,0.0170815080025652,"mid",151.894791666667,152.35,14581.9,183.1,100,55.1662126500383,135.881064161137,11.7851060443117,13.3748317808325,"CORN, GRAIN - PRODUCTION, MEASURED IN $",947117000,1281942039.18336,NA
"138","MISSOURI",2005,2519740,225089012,0.0111944158340346,"mid",98.0914893617021,92.7,9220.6,159.5,48.1,-35.4214267089789,124.988117065652,-21.5193478671433,-8.01653060544752,"CORN, GRAIN - PRODUCTION, MEASURED IN $",669230000,876092748.227011,NA
"139","MISSOURI",2006,2697065,232906271,0.0115800445750986,"mid",128.988235294118,132,10964,172,69,31.4978864460779,122.81050396188,5.03029556344388,-1.74225610793711,"CORN, GRAIN - PRODUCTION, MEASURED IN $",1110596000,1408451594.33012,NA
"140","MISSOURI",2007,2929361,240391852,0.0121857749155325,"mid",131.47191011236,130,11701,184,40,1.92550492111054,130.898874557409,0.437769657598581,6.58605765353724,"CORN, GRAIN - PRODUCTION, MEASURED IN $",1909026000,2353867883.64738,NA
"141","MISSOURI",2008,3659798,251691626,0.0145408016077579,"mid",137.202127659574,136,12897,174,90,4.35851091105144,131.397614547301,4.4175178767676,0.381011671474174,"CORN, GRAIN - PRODUCTION, MEASURED IN $",1568376000,1862342316.14589,NA
"142","MISSOURI",2009,3204856,251402585,0.0127479039246951,"mid",145.587628865979,146,14122,185,110,6.11178656588403,142.103245818324,2.45200806469264,8.14750808673848,"CORN, GRAIN - PRODUCTION, MEASURED IN $",1599401000,1905959008.81472,NA
"143","MISSOURI",2010,3155614,257897393,0.0122359282631446,"mid",117.030526315789,119.1,11117.9,159.5,65.3,-19.6150612333127,132.68308739398,-11.7969527131313,-6.62909447993019,"CORN, GRAIN - PRODUCTION, MEASURED IN $",1974150000,2314576284.99396,NA
"144","MISSOURI",2011,4039769,259645008,0.0155588163666909,"mid",105.404761904762,112.05,8854,171,34.4,-9.93395892252691,121.211040903313,-13.0402963960677,-8.64620104640983,"CORN, GRAIN - PRODUCTION, MEASURED IN $",2225280000,2529169751.05121,NA
"145","MISSOURI",2012,3341083,268861944,0.0124267605533641,"mid",66.4373626373626,60.4,6045.8,160.1,22.3,-36.969296797623,105.328412139433,-36.9236075168274,-13.1032855138572,"CORN, GRAIN - PRODUCTION, MEASURED IN $",1816650000,2022876096.76432,NA
"146","MISSOURI",2013,4783479,277394231,0.0172443348326159,"mid",130.4125,129.9,10433,192.4,77.2,96.2939147838169,142.208381385124,-8.29478633413204,35.0142649040115,"CORN, GRAIN - PRODUCTION, MEASURED IN $",1988864000,2182667404.08051,NA
"147","MISSOURI",2014,5104707,284237246,0.0179593176891392,"mid",175.395833333333,179.55,12628.5,209.7,122.2,34.4931147959999,155.067849992087,13.1090895645255,9.04269388464349,"CORN, GRAIN - PRODUCTION, MEASURED IN $",2225527000,2403403297.23701,NA
"148","MISSOURI",2015,3185450,293938334,0.010837137016637,"mid",134.601587301587,135.7,8479.9,194.8,87.7,-23.2583894705287,150.222750861935,-10.3986669600428,-3.12450268085821,"CORN, GRAIN - PRODUCTION, MEASURED IN $",1613858000,1740781324.32203,NA
"149","MISSOURI",2016,3303490,297752637,0.0110947464085767,"mid",156.952777777778,159.5,11300.6,188.4,105,16.6054434604182,154.043449743495,1.88864118476163,2.54335568989235,"CORN, GRAIN - PRODUCTION, MEASURED IN $",1939700000,2066182847.76913,NA
"150","MISSOURI",2017,3416932,305471407,0.0111857670528227,"mid",159.522891566265,160.4,13240.4,205.6,90,1.63750767898239,157.421269653355,1.33503046795282,2.19277088086811,"CORN, GRAIN - PRODUCTION, MEASURED IN $",1884025000,1965020329.60953,NA
"151","MISSOURI",2018,3147151,317949084,0.009898286104199,"mid",134.338983050847,137.9,7926,179.5,67.5,-15.7870185702823,156.524640925052,-14.1739075349978,-0.569572796787465,"CORN, GRAIN - PRODUCTION, MEASURED IN $",1715616000,1746706566.00478,NA
"152","MISSOURI",2019,3206121,328400561,0.00976283655008738,"mid",149.498214285714,149.65,8371.9,192.2,114,11.2843129303198,152.508715891961,-1.97398659390691,-2.56568231644335,"CORN, GRAIN - PRODUCTION, MEASURED IN $",1700862000,1700862000,NA
"153","NEBRASKA",2001,2491593,59598372,0.0418063936377323,"mid",140.786813186813,140.1,12811.6,194.1,85,17.4872947815031,121.996398639725,15.402433806738,1.33679153298767,"CORN, GRAIN - PRODUCTION, MEASURED IN $",2210145000,3191114238.47186,NA
"154","NEBRASKA",2002,2238098,61622328,0.0363195950662559,"mid",125.094505494505,131.8,11383.6,181.3,32.5,-11.1461488026476,111.03058663339,12.6667067945453,-8.98863583565185,"CORN, GRAIN - PRODUCTION, MEASURED IN $",2182656000,3102222067.72481,NA
"155","NEBRASKA",2003,3987569,66402110,0.0600518417261138,"mid",138.954945054945,141.5,12644.9,199.2,58.3,11.0799747004463,119.851171575551,15.9395800877525,7.94428383170196,"CORN, GRAIN - PRODUCTION, MEASURED IN $",2686838000,3734052432.60793,NA
"156","NEBRASKA",2004,4314320,70320222,0.0613524798030359,"mid",158.913186813187,161.1,14461.1,193.8,79.2,14.363102911055,135.881064161137,16.9502077380968,13.3748317808325,"CORN, GRAIN - PRODUCTION, MEASURED IN $",2665794000,3608206162.91626,NA
"157","NEBRASKA",2005,4016105,74119997,0.054183825722497,"mid",150.164835164835,151.6,13665,197.4,59.6,-5.50511371887341,124.988117065652,20.1432893704276,-8.01653060544752,"CORN, GRAIN - PRODUCTION, MEASURED IN $",2439360000,3193379863.89588,NA
"158","NEBRASKA",2006,3280190,78283127,0.0419016220443008,"mid",147.840659340659,147.4,13453.5,187.6,67,-1.54774972557629,122.81050396188,20.381119343463,-1.74225610793711,"CORN, GRAIN - PRODUCTION, MEASURED IN $",3.534e+09,4481798902.89777,NA
"159","NEBRASKA",2007,4877664,83299553,0.0585557043745481,"mid",154.927472527473,158.3,14098.4,198.8,84.5,4.79354814732227,130.898874557409,18.3566115837955,6.58605765353724,"CORN, GRAIN - PRODUCTION, MEASURED IN $",6094080000,7514124581.0051,NA
"160","NEBRASKA",2008,5391530,85661309,0.0629400841866659,"mid",158.241379310345,159,13767,199,103,2.13900525762767,131.397614547301,20.4294155990025,0.381011671474174,"CORN, GRAIN - PRODUCTION, MEASURED IN $",5644283000,6702211124.88514,NA
"161","NEBRASKA",2009,4951108,87107376,0.05683913610255,"mid",173.772941176471,178.1,14770.7,212,114.5,9.81510773845384,142.103245818324,22.2863982984847,8.14750808673848,"CORN, GRAIN - PRODUCTION, MEASURED IN $",5671257000,6758269733.76504,NA
"162","NEBRASKA",2010,5587655,91785494,0.0608773212028472,"mid",160.061363636364,161.25,14085.4,202.4,100,-7.89051359048042,132.68308739398,20.6343376387441,-6.62909447993019,"CORN, GRAIN - PRODUCTION, MEASURED IN $",7477719000,8767191481.52306,NA
"163","NEBRASKA",2011,9521142,99954154,0.0952550906488589,"mid",155.082954545455,159.5,13647.3,198.2,88.4,-3.11031280616808,121.211040903313,27.9445778121488,-8.64620104640983,"CORN, GRAIN - PRODUCTION, MEASURED IN $",9384960000,10666593393.562,NA
"164","NEBRASKA",2012,7575089,102605319,0.0738274494327141,"mid",134.577906976744,141.1,11573.7,206.6,68.1,-13.2219866643696,105.328412139433,27.7698051676602,-13.1032855138572,"CORN, GRAIN - PRODUCTION, MEASURED IN $",8851570000,9856400171.65453,NA
"165","NEBRASKA",2013,10146578,106516824,0.0952579847855772,"mid",161.197590361446,169.3,13379.4,202.1,69.4,19.7801288359327,142.208381385124,13.3530870623555,35.0142649040115,"CORN, GRAIN - PRODUCTION, MEASURED IN $",7214357000,7917354763.97584,NA
"166","NEBRASKA",2014,8758742,111386845,0.0786335406124484,"mid",171.847058823529,177.2,14607,222.7,90.3,6.60646876805344,155.067849992087,10.8205594082197,9.04269388464349,"CORN, GRAIN - PRODUCTION, MEASURED IN $",6039729000,6522457194.64108,NA
"167","NEBRASKA",2015,7984775,115663912,0.069034280977804,"mid",178.910975609756,184.4,14670.7,224,116.4,4.11058346566213,150.222750861935,19.0971238265952,-3.12450268085821,"CORN, GRAIN - PRODUCTION, MEASURED IN $",6043118000,6518384489.26378,NA
"168","NEBRASKA",2016,6889621,116879236,0.05894649242916,"mid",173.802409638554,181.3,14425.6,212.9,81.9,-2.85536756690924,154.043449743495,12.82687444871,2.54335568989235,"CORN, GRAIN - PRODUCTION, MEASURED IN $",5643668000,6011677073.82766,NA
"169","NEBRASKA",2017,5527972,120949734,0.0457047057251073,"mid",176.930379746835,182.2,13977.5,219.9,82.2,1.79972769928005,157.421269653355,12.392931486603,2.19277088086811,"CORN, GRAIN - PRODUCTION, MEASURED IN $",5639055000,5881481251.4623,NA
"170","NEBRASKA",2018,5924051,124705380,0.0475043739091289,"mid",189.011688311688,196,14553.9,233.5,109.5,6.8282838606573,156.524640925052,20.7552288218903,-0.569572796787465,"CORN, GRAIN - PRODUCTION, MEASURED IN $",6392448000,6508292586.71177,NA
"171","NEBRASKA",2019,6351578,130011826,0.0488538481107096,"mid",180.318666666667,186.6,13523.9,214.9,109.7,-4.59919792403869,152.508715891961,18.2349911033323,-2.56568231644335,"CORN, GRAIN - PRODUCTION, MEASURED IN $",6284678000,6284678000,NA
"172","NORTH DAKOTA",2001,930234,18960565,0.0490615126711678,"north",98.3145833333333,98.2,4719.1,147.3,60,10.6092240011539,121.996398639725,-19.4118970481482,1.33679153298767,"CORN, GRAIN - PRODUCTION, MEASURED IN $",151610000,218901850.192959,4.2735
"173","NORTH DAKOTA",2002,1169321,20229129,0.0578038233875517,"north",88.784,87.35,4439.2,137,34.2,-9.69396706999215,111.03058663339,-20.0364487912199,-8.98863583565185,"CORN, GRAIN - PRODUCTION, MEASURED IN $",245009000,348232761.640491,3.9717
"174","NORTH DAKOTA",2003,1806856,22072475,0.0818601448183767,"north",83.575,82.8,4345.9,134.7,25.4,-5.8670481167778,119.851171575551,-30.2676820749167,7.94428383170196,"CORN, GRAIN - PRODUCTION, MEASURED IN $",310565000,431609942.14496,5.0313
"175","NORTH DAKOTA",2004,1595393,23151861,0.0689099247788331,"north",69.9021739130435,67,3215.5,127.9,30.4,-16.3599474567233,135.881064161137,-48.5563537902908,13.3748317808325,"CORN, GRAIN - PRODUCTION, MEASURED IN $",227010000,307262632.087709,4.3907
"176","NORTH DAKOTA",2005,1444413,24461141,0.0590492896467912,"north",104.660869565217,105.9,4814.4,146.6,53,49.7247706422018,124.988117065652,-16.2633440503447,-8.01653060544752,"CORN, GRAIN - PRODUCTION, MEASURED IN $",278640000,364769187.522936,NA
"177","NORTH DAKOTA",2006,1533955,26209022,0.0585277466667776,"north",81.24375,77.6,3899.7,139.2,22.5,-22.3742833998006,122.81050396188,-33.84625306544,-1.74225610793711,"CORN, GRAIN - PRODUCTION, MEASURED IN $",430458000,545904412.038361,NA
"178","NORTH DAKOTA",2007,2502236,28781742,0.0869383097103713,"north",94.7057692307692,96.45,4924.7,135.8,52.1,16.5699136619977,130.898874557409,-27.6496688371194,6.58605765353724,"CORN, GRAIN - PRODUCTION, MEASURED IN $",1106756000,1364652657.13198,NA
"179","NORTH DAKOTA",2008,3260984,31852095,0.102378948700235,"north",96.195652173913,98,4425,146,17,1.57317020414398,131.397614547301,-26.7904120593575,0.381011671474174,"CORN, GRAIN - PRODUCTION, MEASURED IN $",1066648000,1266573644.86091,NA
"180","NORTH DAKOTA",2009,2589655,32239699,0.0803250365333746,"north",105.53125,102,3377,140,80,9.70480225988701,142.103245818324,-25.7362142628892,8.14750808673848,"CORN, GRAIN - PRODUCTION, MEASURED IN $",636318000,758281396.954838,NA
"181","NORTH DAKOTA",2010,2751077,35689410,0.0770838464407229,"north",111.845833333333,113.2,5368.6,147.9,41,5.98361464810977,132.68308739398,-15.704529092524,-6.62909447993019,"CORN, GRAIN - PRODUCTION, MEASURED IN $",1243282000,1457675978.40076,NA
"182","NORTH DAKOTA",2011,3046553,41437457,0.0735217173196705,"north",96.6208333333333,98,4637.8,128.3,36.4,-13.6124874268897,121.211040903313,-20.2871020549972,-8.64620104640983,"CORN, GRAIN - PRODUCTION, MEASURED IN $",1256703000,1428321475.7942,NA
"183","NORTH DAKOTA",2012,4959312,51624640,0.0960648248588271,"north",102.216,99.5,5110.8,155.4,45.9,5.79084910949157,105.328412139433,-2.95495970765534,-13.1032855138572,"CORN, GRAIN - PRODUCTION, MEASURED IN $",2726895000,3036452103.53461,NA
"184","NORTH DAKOTA",2013,3565063,53733359,0.0663472946107836,"north",105.887179487179,106.9,4129.6,136.5,58.5,3.59158985597117,142.208381385124,-25.5408306769067,35.0142649040115,"CORN, GRAIN - PRODUCTION, MEASURED IN $",1548360000,1699238812.5996,NA
"185","NORTH DAKOTA",2014,3012962,58679880,0.0513457423566647,"north",109.853658536585,111.1,4504,150.6,69.7,3.74594834673647,155.067849992087,-29.1576825614134,9.04269388464349,"CORN, GRAIN - PRODUCTION, MEASURED IN $",1047825000,1131572908.31671,NA
"186","NORTH DAKOTA",2015,2603302,55069082,0.0472733865438323,"north",111.295348837209,107.9,4785.7,160.5,62.7,1.31237349745963,150.222750861935,-25.9131202173913,-3.12450268085821,"CORN, GRAIN - PRODUCTION, MEASURED IN $",1074790000,1159317833.14769,NA
"187","NORTH DAKOTA",2016,2781126,50792278,0.0547548979787833,"north",134.341666666667,136.55,6448.4,197.5,57.8,20.7073503702001,154.043449743495,-12.7897571169915,2.54335568989235,"CORN, GRAIN - PRODUCTION, MEASURED IN $",1555147000,1656554135.77338,NA
"188","NORTH DAKOTA",2017,2949076,52607105,0.0560585114881345,"north",115.868292682927,118.4,4750.6,187.3,33.1,-13.7510382609564,157.421269653355,-26.3960372457473,2.19277088086811,"CORN, GRAIN - PRODUCTION, MEASURED IN $",1364869000,1423545511.47348,NA
"189","NORTH DAKOTA",2018,3232241,56286770,0.0574245244486404,"north",127.057575757576,122,4192.9,207.6,70.5,9.65689820360809,156.524640925052,-18.8258315069929,-0.569572796787465,"CORN, GRAIN - PRODUCTION, MEASURED IN $",1488323000,1515294539.35841,NA
"190","NORTH DAKOTA",2019,2734802,57180936,0.0478271639344973,"north",120.22,119.25,3606.6,156.3,84.2,-5.38147821316989,152.508715891961,-21.1717184182672,-2.56568231644335,"CORN, GRAIN - PRODUCTION, MEASURED IN $",1258792000,1258792000,NA
"191","OKLAHOMA",2001,1453715,96759904,0.0150239400816272,"south",91.9211538461538,90,4779.9,163.2,30.8,-14.6367521367521,121.996398639725,-24.6525677224198,1.33679153298767,"CORN, GRAIN - PRODUCTION, MEASURED IN $",55125000,79592140.9662086,1.4441
"192","OKLAHOMA",2002,1683263,99150955,0.016976770420416,"south",98.9037037037037,95.15,5340.8,176.9,46.7,7.59623826005968,111.03058663339,-10.9221101116291,-8.98863583565185,"CORN, GRAIN - PRODUCTION, MEASURED IN $",60515000,86010332.5619643,1.6003
"193","OKLAHOMA",2003,1765056,105129975,0.0167892744195935,"south",103.440816326531,95,5068.6,182,50,4.58740416478156,119.851171575551,-13.692277708504,7.94428383170196,"CORN, GRAIN - PRODUCTION, MEASURED IN $",61750000,85817506.5685164,1.8491
"194","OKLAHOMA",2004,2455205,112872177,0.0217520833322813,"south",112.486666666667,106.7,5061.9,211.4,65,8.74495258388246,135.881064161137,-17.2168194581756,13.3748317808325,"CORN, GRAIN - PRODUCTION, MEASURED IN $",75900000,102732187.020206,1.9502
"195","OKLAHOMA",2005,2311954,124370366,0.0185892674787176,"south",87.7571428571429,82.5,4300.1,165,50,-21.9844045008509,124.988117065652,-29.7876110806222,-8.01653060544752,"CORN, GRAIN - PRODUCTION, MEASURED IN $",68713000,89952573.8668658,NA
"196","OKLAHOMA",2006,1816142,136949604,0.013261389204163,"south",73.9767441860465,71.4,3181,172.4,34.5,-15.7028798140443,122.81050396188,-39.7635040981441,-1.74225610793711,"CORN, GRAIN - PRODUCTION, MEASURED IN $",73227000,92866069.1178538,NA
"197","OKLAHOMA",2007,1862759,144799512,0.0128644010899705,"south",115.853846153846,115,6024.4,190,70,56.6084685512538,130.898874557409,-11.4936270112579,6.58605765353724,"CORN, GRAIN - PRODUCTION, MEASURED IN $",159341000,196470693.666958,NA
"198","OKLAHOMA",2008,2056750,159761328,0.0128738914839266,"south",93.1111111111111,86,2514,174,58,-19.6305395096976,131.397614547301,-29.137898407134,0.381011671474174,"CORN, GRAIN - PRODUCTION, MEASURED IN $",156992000,186417571.358128,NA
"199","OKLAHOMA",2009,1337603,145858249,0.00917056806296914,"south",68.7777777777778,61,1238,186,43,-26.1336515513127,142.103245818324,-51.600135956283,8.14750808673848,"CORN, GRAIN - PRODUCTION, MEASURED IN $",124656000,148548879.363467,NA
"200","OKLAHOMA",2010,2094898,153215144,0.0136729173455595,"south",101.007407407407,94.2,2727.2,182,65.9,46.8605277329025,132.68308739398,-23.8731858059023,-6.62909447993019,"CORN, GRAIN - PRODUCTION, MEASURED IN $",202803000,237774745.751655,NA
"201","OKLAHOMA",2011,2724721,165091398,0.0165043184139733,"south",48.2347826086957,28.8,1109.4,153.3,10.4,-52.2462917851722,121.211040903313,-60.2059496814556,-8.64620104640983,"CORN, GRAIN - PRODUCTION, MEASURED IN $",108726000,123573891.983388,NA
"202","OKLAHOMA",2012,3057465,173238813,0.0176488452388553,"south",87.5454545454545,79.2,2889,183.5,23.1,81.4985987511677,105.328412139433,-16.8833434709315,-13.1032855138572,"CORN, GRAIN - PRODUCTION, MEASURED IN $",228448000,254381415.547087,NA
"203","OKLAHOMA",2013,3064100,181858243,0.0168488375860972,"south",95.8137931034483,78.4,2778.6,214.7,40.3,9.4446234826512,142.208381385124,-32.6243698365648,35.0142649040115,"CORN, GRAIN - PRODUCTION, MEASURED IN $",228796000,251090859.598245,NA
"204","OKLAHOMA",2014,3424133,193546376,0.017691537660204,"south",128.339393939394,132.4,4235.2,196.9,32.5,33.9466790557268,155.067849992087,-17.2366200047635,9.04269388464349,"CORN, GRAIN - PRODUCTION, MEASURED IN $",175209000,189212662.127037,NA
"205","OKLAHOMA",2015,3094162,184140443,0.0168032722719148,"south",93.4863636363636,88.5,2056.7,168.3,61.6,-27.1569229316207,150.222750861935,-37.7681721976426,-3.12450268085821,"CORN, GRAIN - PRODUCTION, MEASURED IN $",141952000,153115943.62711,NA
"206","OKLAHOMA",2016,2433304,177812980,0.0136846252731381,"south",91.271875,88,2920.7,170,45.2,-2.36878251568047,154.043449743495,-40.7492657740518,2.54335568989235,"CORN, GRAIN - PRODUCTION, MEASURED IN $",143567000,152928634.791808,NA
"207","OKLAHOMA",2017,2777234,185485631,0.0149727716644531,"south",99.9466666666667,94.05,2998.4,187.5,32.6,9.50434256627979,157.421269653355,-36.5100618952244,2.19277088086811,"CORN, GRAIN - PRODUCTION, MEASURED IN $",137964000,143895152.534732,NA
"208","OKLAHOMA",2018,2823850,198595812,0.0142190813167802,"south",103.49,103.95,2069.8,171.3,69.8,3.5452241195304,156.524640925052,-33.8826146551878,-0.569572796787465,"CORN, GRAIN - PRODUCTION, MEASURED IN $",139655000,142185841.980605,NA
"209","OKLAHOMA",2019,2812375,202036063,0.0139201633522229,"south",100.170833333333,93.75,2404.1,183.3,37.1,-3.2072341933198,152.508715891961,-34.3179616014239,-2.56568231644335,"CORN, GRAIN - PRODUCTION, MEASURED IN $",180840000,180840000,NA
"210","SOUTH DAKOTA",2001,1464358,23406106,0.062563076489528,"north",95.9772727272727,98.7,6334.5,137,0,4.45902936956846,121.996398639725,-21.3277819694426,1.33679153298767,"CORN, GRAIN - PRODUCTION, MEASURED IN $",648550000,936407855.304029,4.0396
"211","SOUTH DAKOTA",2002,1136994,26164452,0.043455677955724,"north",72.0575757575758,69.75,4755.8,137,0,-24.9222511642592,111.03058663339,-35.1011483029435,-8.98863583565185,"CORN, GRAIN - PRODUCTION, MEASURED IN $",669988000,952257964.017605,3.0379
"212","SOUTH DAKOTA",2003,1946534,27196829,0.0715720939378631,"north",86.7954545454545,85.5,5728.5,153.5,0,20.4529206442659,119.851171575551,-27.5806373818037,7.94428383170196,"CORN, GRAIN - PRODUCTION, MEASURED IN $",974358000,1354121037.49128,3.8842
"213","SOUTH DAKOTA",2004,2619609,29030485,0.0902364876094905,"north",102.412121212121,111.6,6759.2,171.6,0,17.9924936719909,135.881064161137,-24.6310574292577,13.3748317808325,"CORN, GRAIN - PRODUCTION, MEASURED IN $",981890000,1329007998.85732,4.5027
"214","SOUTH DAKOTA",2005,1896987,30535029,0.0621249450917502,"north",97.8092307692308,98.5,6357.6,172.1,0,-4.49447818130503,124.988117065652,-21.7451762091472,-8.01653060544752,"CORN, GRAIN - PRODUCTION, MEASURED IN $",841390000,1101468370.26243,NA
"215","SOUTH DAKOTA",2006,1426636,31824091,0.0448288059508125,"north",77.4383333333333,76.55,4646.3,149.3,0,-20.827172727654,122.81050396188,-36.9448615263643,-1.74225610793711,"CORN, GRAIN - PRODUCTION, MEASURED IN $",899539000,1140790295.22178,NA
"216","SOUTH DAKOTA",2007,2643908,34815972,0.0759395141976792,"north",105.38,110.65,6322.8,157.2,28.4,36.0824742268041,130.898874557409,-19.4951061601505,6.58605765353724,"CORN, GRAIN - PRODUCTION, MEASURED IN $",2260474000,2787210415.37409,NA
"217","SOUTH DAKOTA",2008,3316284,36475590,0.0909178987920415,"north",117.196721311475,119,7149,165,50,11.2134383293561,131.397614547301,-10.8075730938888,0.381011671474174,"CORN, GRAIN - PRODUCTION, MEASURED IN $",2212056000,2626669557.86394,NA
"218","SOUTH DAKOTA",2009,2915347,36341477,0.0802209277294921,"north",136.413793103448,139.5,7912,189,51,16.3972776515645,142.103245818324,-4.0037457850538,8.14750808673848,"CORN, GRAIN - PRODUCTION, MEASURED IN $",2282576000,2720078510.95771,NA
"219","SOUTH DAKOTA",2010,2822913,37709216,0.0748600289117652,"north",118.54262295082,123.1,7231.1,169.5,57,-13.1007061280644,132.68308739398,-10.6573224371638,-6.62909447993019,"CORN, GRAIN - PRODUCTION, MEASURED IN $",2899773000,3399815524.48689,NA
"220","SOUTH DAKOTA",2011,4923889,41690155,0.118106756859023,"north",118.156451612903,120.15,7325.7,163.1,67.2,-0.325765811742385,121.211040903313,-2.52005862473049,-8.64620104640983,"CORN, GRAIN - PRODUCTION, MEASURED IN $",3940002000,4478058436.45801,NA
"221","SOUTH DAKOTA",2012,4278571,43550710,0.0982434270302367,"north",85.8034482758621,79.75,4976.6,156.7,21.3,-27.381495377869,105.328412139433,-18.5372241610595,-13.1032855138572,"CORN, GRAIN - PRODUCTION, MEASURED IN $",3597216000,4005571938.07182,NA
"222","SOUTH DAKOTA",2013,5324504,44956509,0.11843677630752,"north",124.238983050847,130.7,7330.1,171.6,61.6,44.7948602851174,142.208381385124,-12.6359629153025,35.0142649040115,"CORN, GRAIN - PRODUCTION, MEASURED IN $",3251421000,3568253351.48248,NA
"223","SOUTH DAKOTA",2014,4312597,46369860,0.0930043135778284,"north",134.001754385965,137.1,7638.1,187.5,53.6,7.85805799064039,155.067849992087,-13.585082663619,9.04269388464349,"CORN, GRAIN - PRODUCTION, MEASURED IN $",2629782000,2839968569.15892,NA
"224","SOUTH DAKOTA",2015,3725638,47630507,0.0782195746940086,"north",148.915217391304,155.95,6850.1,193.8,69.7,11.1293042943186,150.222750861935,-0.870396436710255,-3.12450268085821,"CORN, GRAIN - PRODUCTION, MEASURED IN $",2639241000,2846806499.19943,NA
"225","SOUTH DAKOTA",2016,3179851,48731262,0.0652527939867431,"north",151.107843137255,151.3,7706.5,223.8,90.3,1.47239871408775,154.043449743495,-1.90570037942405,2.54335568989235,"CORN, GRAIN - PRODUCTION, MEASURED IN $",2552124000,2718541441.55279,NA
"226","SOUTH DAKOTA",2017,3256850,50342921,0.0646933061353353,"north",134.740816326531,139.7,6602.3,188.2,44.1,-10.8313549256723,157.421269653355,-14.407489773629,2.19277088086811,"CORN, GRAIN - PRODUCTION, MEASURED IN $",2276094000,2373944603.76177,NA
"227","SOUTH DAKOTA",2018,3702017,53239003,0.0695358062959969,"north",148.244230769231,160.95,7708.7,198.9,59,10.0217698028309,156.524640925052,-5.29016396835933,-0.569572796787465,"CORN, GRAIN - PRODUCTION, MEASURED IN $",2628288000,2675918099.94285,NA
"228","SOUTH DAKOTA",2019,3339824,54940923,0.0607893682455972,"north",142.951612903226,144.5,4431.5,177.5,96.8,-3.57020157785695,152.508715891961,-6.26659462237275,-2.56568231644335,"CORN, GRAIN - PRODUCTION, MEASURED IN $",1850170000,1850170000,NA
"229","TENNESSEE",2001,2493216,185855049,0.0134148413692006,"south",120.643835616438,121,8807,156,92,14.1788442974349,121.996398639725,-1.10869094364114,1.33679153298767,"CORN, GRAIN - PRODUCTION, MEASURED IN $",165871000,239492571.686276,1.929
"230","TENNESSEE",2002,2159892,195331559,0.0110575680195129,"south",94.6710526315789,96,7195,126,55,-21.5284791403967,111.03058663339,-14.7342588180936,-8.98863583565185,"CORN, GRAIN - PRODUCTION, MEASURED IN $",168397000,239343666.403984,1.8792
"231","TENNESSEE",2003,2079655,203328383,0.0102280604867644,"south",121.039473684211,123,9199,150,67,27.8526754690757,119.851171575551,0.991481429041254,7.94428383170196,"CORN, GRAIN - PRODUCTION, MEASURED IN $",192491000,267515751.528426,2.245
"232","TENNESSEE",2004,2024044,217939204,0.00928719552449132,"south",130.215189873418,131,10287,161,75,7.58076345667733,135.881064161137,-4.16973058218081,13.3748317808325,"CORN, GRAIN - PRODUCTION, MEASURED IN $",186837000,252887663.060531,2.0242
"233","TENNESSEE",2005,1743969,228126322,0.00764475131458088,"south",124.719512195122,127.5,10227,154,90,-4.22045821508085,124.988117065652,-0.21490432597604,-8.01653060544752,"CORN, GRAIN - PRODUCTION, MEASURED IN $",160115000,209607444.947728,NA
"234","TENNESSEE",2006,2123304,240111085,0.00884300697737466,"south",111.708860759494,113,8825,151,70,-10.4319293802828,122.81050396188,-9.03965283444514,-1.74225610793711,"CORN, GRAIN - PRODUCTION, MEASURED IN $",183125000,232238093.970898,NA
"235","TENNESSEE",2007,1728805,244194243,0.0070796304563167,"south",95.1410256410256,94.5,7421,153,63,-14.8312631655408,130.898874557409,-27.3171553516306,6.58605765353724,"CORN, GRAIN - PRODUCTION, MEASURED IN $",318212000,392361867.775086,NA
"236","TENNESSEE",2008,1932906,251549838,0.00768398825206161,"south",110.018518518519,113,5941,149,35,15.6373055443262,131.397614547301,-16.2705358863928,0.381011671474174,"CORN, GRAIN - PRODUCTION, MEASURED IN $",336760000,399880129.755422,NA
"237","TENNESSEE",2009,1522785,250379427,0.0060819094373916,"south",138.855072463768,142,9581,181,99,26.2106364760727,142.103245818324,-2.28578406907655,8.14750808673848,"CORN, GRAIN - PRODUCTION, MEASURED IN $",318718000,379806842.293715,NA
"238","TENNESSEE",2010,1215813,255696083,0.00475491445052758,"south",109.09014084507,110.2,7745.4,148.2,70,-21.4359699581478,132.68308739398,-17.7814271677703,-6.62909447993019,"CORN, GRAIN - PRODUCTION, MEASURED IN $",354931000,416135995.445732,NA
"239","TENNESSEE",2011,1706478,267487648,0.00637965159422988,"south",124.446153846154,125.8,8089,170.3,78.3,14.0764443808832,121.211040903313,2.66899196536202,-8.64620104640983,"CORN, GRAIN - PRODUCTION, MEASURED IN $",631630000,717886957.981232,NA
"240","TENNESSEE",2012,1356577,283482013,0.00478540767240848,"south",80.3060606060606,81.2,5300.2,134,21,-35.4692305675122,105.328412139433,-23.7565069339964,-13.1032855138572,"CORN, GRAIN - PRODUCTION, MEASURED IN $",594048000,661484325.285913,NA
"241","TENNESSEE",2013,2102981,293265293,0.00717091674397352,"south",152.698305084746,155,9009.2,180.1,120,90.1454310326633,142.208381385124,7.37644546506279,35.0142649040115,"CORN, GRAIN - PRODUCTION, MEASURED IN $",615373000,675337573.836741,NA
"242","TENNESSEE",2014,1627870,303788825,0.00535855787321999,"south",160.831147540984,162.5,9810.7,194.2,108.8,5.32608561157522,155.067849992087,3.71662955873254,9.04269388464349,"CORN, GRAIN - PRODUCTION, MEASURED IN $",537667000,580640289.071097,NA
"243","TENNESSEE",2015,1659145,323658469,0.0051262214924461,"south",155.556603773585,156.2,8244.5,181.4,114.7,-3.27955364868278,150.222750861935,3.55062923628149,-3.12450268085821,"CORN, GRAIN - PRODUCTION, MEASURED IN $",457856000,493864499.868505,NA
"244","TENNESSEE",2016,1316720,334435719,0.00393713926232862,"south",136.439344262295,141.7,8322.8,178.7,50,-12.2895840147778,154.043449743495,-11.4280130122462,2.54335568989235,"CORN, GRAIN - PRODUCTION, MEASURED IN $",458708000,488619168.806765,NA
"245","TENNESSEE",2017,1443032,346282965,0.00416720470208519,"south",161.420588235294,165.65,10976.6,191.2,106.7,18.3094136871358,157.421269653355,2.54051983619881,2.19277088086811,"CORN, GRAIN - PRODUCTION, MEASURED IN $",431006000,449535198.40962,NA
"246","TENNESSEE",2018,1321507,362737076,0.00364315391901102,"south",164.12380952381,163.8,10339.8,196.9,119.5,1.67464467703158,156.524640925052,4.85493437572972,-0.569572796787465,"CORN, GRAIN - PRODUCTION, MEASURED IN $",423226000,430895744.213121,NA
"247","TENNESSEE",2019,1373743,376582446,0.00364792096549291,"south",167.438095238095,171.5,10548.6,201.5,123,2.01938141936981,152.508715891961,9.78919746246515,-2.56568231644335,"CORN, GRAIN - PRODUCTION, MEASURED IN $",608845000,608845000,NA
"248","TEXAS",2001,6182717,772909215,0.00799927970841957,"south",97.4157407407407,90.5,10520.9,190.7,0,-5.40591197056463,121.996398639725,-20.1486750207891,1.33679153298767,"CORN, GRAIN - PRODUCTION, MEASURED IN $",383712000,554021942.756024,5.998
"249","TEXAS",2002,6841356,787719828,0.00868501179838271,"south",91.8067796610169,78.65,10833.2,218,0,-5.75775643348164,111.03058663339,-17.3139740636047,-8.98863583565185,"CORN, GRAIN - PRODUCTION, MEASURED IN $",519834000,738843182.963169,6.4589
"250","TEXAS",2003,8302875,829722940,0.0100068041990017,"south",96.380701754386,90.55,10987.4,204.6,0,4.98211799853732,119.851171575551,-19.5830124250137,7.94428383170196,"CORN, GRAIN - PRODUCTION, MEASURED IN $",504273000,700817028.175311,6.6614
"251","TEXAS",2004,9603828,907476242,0.0105830076375707,"south",115.519827586207,98.7,13400.3,225.8,0,19.8578402973186,135.881064161137,-14.9846019389315,13.3748317808325,"CORN, GRAIN - PRODUCTION, MEASURED IN $",607152000,821792527.189623,7.0627
"252","TEXAS",2005,8163075,986202690,0.00827727918689818,"south",100.463716814159,77.9,11352.4,229.4,25.2,-13.0333563394664,124.988117065652,-19.6213854782778,-8.01653060544752,"CORN, GRAIN - PRODUCTION, MEASURED IN $",520923000,681943222.337103,NA
"253","TEXAS",2006,7179554,1084171789,0.00662215533815186,"south",96.8490566037736,79.5,10266,208,26,-3.59797579167035,122.81050396188,-21.1394355699125,-1.74225610793711,"CORN, GRAIN - PRODUCTION, MEASURED IN $",561440000,712015046.984416,NA
"254","TEXAS",2007,8089931,1178221056,0.00686622511013757,"south",126.258064516129,112,11742,223,50,30.3658176379279,130.898874557409,-3.5453399098896,6.58605765353724,"CORN, GRAIN - PRODUCTION, MEASURED IN $",1268286000,1563822432.31868,NA
"255","TEXAS",2008,6299922,1236361813,0.00509553266184549,"south",97.4838709677419,75,6044,216,24,-22.7899846704139,131.397614547301,-25.8100146615301,0.381011671474174,"CORN, GRAIN - PRODUCTION, MEASURED IN $",1154583000,1370990616.02745,NA
"256","TEXAS",2009,5523908,1162971808,0.00474982107218888,"south",97.7441176470588,66.8,6646.6,224.2,19.3,0.266963833845923,142.103245818324,-31.2161259342221,8.14750808673848,"CORN, GRAIN - PRODUCTION, MEASURED IN $",974590000,1161390164.44327,NA
"257","TEXAS",2010,9038345,1237303969,0.00730487028769888,"south",115.757471264368,100.1,10070.9,233.2,35,18.4290922573498,132.68308739398,-12.7564231900591,-6.62909447993019,"CORN, GRAIN - PRODUCTION, MEASURED IN $",1398758000,1639962563.75938,NA
"258","TEXAS",2011,8464534,1331138439,0.00635886828297053,"south",70.3314285714286,57.35,4923.2,158.6,11.1,-39.2424283260256,121.211040903313,-41.9760542873893,-8.64620104640983,"CORN, GRAIN - PRODUCTION, MEASURED IN $",884220000,1004971274.30009,NA
"259","TEXAS",2012,8217611,1410447780,0.00582624264189348,"south",105.582716049383,97.8,8552.2,199.1,30.3,50.1216713409325,105.328412139433,0.241439042689311,-13.1032855138572,"CORN, GRAIN - PRODUCTION, MEASURED IN $",1423644000,1585256058.075,NA
"260","TEXAS",2013,10897155,1500554283,0.00726208649927262,"south",115.945205479452,94.7,8464,222.8,35.5,9.81456986314184,142.208381385124,-18.4680928436606,35.0142649040115,"CORN, GRAIN - PRODUCTION, MEASURED IN $",1363128000,1495957015.25567,NA
"261","TEXAS",2014,10425485,1568070763,0.00664860620196386,"south",123.324096385542,112.8,10235.9,223.7,38.8,6.36411904707677,155.067849992087,-20.4708800748604,9.04269388464349,"CORN, GRAIN - PRODUCTION, MEASURED IN $",1301778000,1405823221.85738,NA
"262","TEXAS",2015,12409729,1564374328,0.00793271071883762,"south",106.150704225352,96.1,7536.7,219.4,34.3,-13.9254149541884,150.222750861935,-29.3377976263315,-3.12450268085821,"CORN, GRAIN - PRODUCTION, MEASURED IN $",1116990000,1204836690.37453,NA
"263","TEXAS",2016,9305577,1567687051,0.00593586391752368,"south",108.161038961039,99.7,8328.4,220.8,57.1,1.89384964551813,154.043449743495,-29.7853695557044,2.54335568989235,"CORN, GRAIN - PRODUCTION, MEASURED IN $",1201484000,1279829681.22341,NA
"264","TEXAS",2017,10315168,1665428019,0.00619370389012291,"south",128.7625,111.65,9270.9,220.9,75.4,19.0470258392969,157.421269653355,-18.2051445249183,2.19277088086811,"CORN, GRAIN - PRODUCTION, MEASURED IN $",1160320000,1210202831.09435,NA
"265","TEXAS",2018,10332864,1795635147,0.00575443403258357,"south",91.9970149253731,74.7,6163.8,200.9,42.7,-28.5529444322896,156.524640925052,-41.2252189932039,-0.569572796787465,"CORN, GRAIN - PRODUCTION, MEASURED IN $",780570000,794715568.184458,NA
"266","TEXAS",2019,9563404,1843802699,0.00518678273178946,"south",118.107575757576,110.85,7795.1,213.9,63.2,28.3819652772247,152.508715891961,-22.5568354786723,-2.56568231644335,"CORN, GRAIN - PRODUCTION, MEASURED IN $",1200990000,1200990000,NA
"267","WISCONSIN",2001,2854316,187974037,0.0151846289283025,"north",118.742424242424,120.5,7837,157,90,-4.31013431013431,121.996398639725,-2.66727086502822,1.33679153298767,"CORN, GRAIN - PRODUCTION, MEASURED IN $",650494000,939214696.520143,3.4128
"268","WISCONSIN",2002,2662452,194844921,0.0136644670352993,"north",131.590909090909,130.5,8685,166,94,10.8204670154396,111.03058663339,18.5177103723738,-8.98863583565185,"CORN, GRAIN - PRODUCTION, MEASURED IN $",869130000,1235299683.37735,3.7264
"269","WISCONSIN",2003,3037225,203048464,0.0149581284200209,"north",123.015151515152,125,8119,157,80,-6.51698330454807,119.851171575551,2.63992408084761,7.94428383170196,"CORN, GRAIN - PRODUCTION, MEASURED IN $",863978000,1200719638.70532,3.5094
"270","WISCONSIN",2004,3841056,215016775,0.0178639829380754,"north",120.727272727273,117,7968,182,76,-1.85983495504372,135.881064161137,-11.1522466558653,13.3748317808325,"CORN, GRAIN - PRODUCTION, MEASURED IN $",760240000,1029000235.3128,3.4937
"271","WISCONSIN",2005,3356586,225590697,0.0148790976074692,"north",137.30303030303,143,9062,174,71,13.7299196787149,124.988117065652,9.85286723769882,-8.01653060544752,"CORN, GRAIN - PRODUCTION, MEASURED IN $",832648000,1090024169.00875,NA
"272","WISCONSIN",2006,3311274,235848000,0.0140398646585937,"north",131,136.5,8646,177,61,-4.59059810196425,122.81050396188,6.66840031913057,-1.74225610793711,"CORN, GRAIN - PRODUCTION, MEASURED IN $",1217216000,1543666478.03894,NA
"273","WISCONSIN",2007,4306562,243841291,0.0176613320178001,"north",123.106060606061,127,8125,175,49,-6.02590793430488,130.898874557409,-5.95330859619487,6.58605765353724,"CORN, GRAIN - PRODUCTION, MEASURED IN $",1819908000,2243983577.17126,NA
"274","WISCONSIN",2008,3782224,244634273,0.0154607281866838,"north",128.060606060606,132,8452,165,55,4.02461538461538,131.397614547301,-2.53962638377573,0.381011671474174,"CORN, GRAIN - PRODUCTION, MEASURED IN $",1534838000,1822518169.0033,NA
"275","WISCONSIN",2009,2783832,245518643,0.0113385768428184,"north",144.046875,148.5,9219,178,90,12.4833619261713,142.103245818324,1.36775847059878,8.14750808673848,"CORN, GRAIN - PRODUCTION, MEASURED IN $",1600395000,1907143529.3038,NA
"276","WISCONSIN",2010,3757928,254615165,0.0147592465672655,"north",153.450769230769,155.8,9974.3,182,106.7,6.52835698849366,132.68308739398,15.6520942078497,-6.62909447993019,"CORN, GRAIN - PRODUCTION, MEASURED IN $",2646594000,3102977842.82213,NA
"277","WISCONSIN",2011,5187300,264166368,0.0196364890779738,"north",146.54375,149.35,9378.8,178.5,99.3,-4.50113040514122,121.211040903313,20.8996712740835,-8.64620104640983,"CORN, GRAIN - PRODUCTION, MEASURED IN $",3097892000,3520947808.10664,NA
"278","WISCONSIN",2012,4945849,274540457,0.0180150097149434,"north",121.068181818182,120,7990.5,167.1,60,-17.3842747860746,105.328412139433,14.9435174793219,-13.1032855138572,"CORN, GRAIN - PRODUCTION, MEASURED IN $",2649240000,2949981708.4149,NA
"279","WISCONSIN",2013,5426329,281832552,0.0192537340399203,"north",136.6,141,8605.8,179.3,81.9,12.8289844189976,142.208381385124,-3.94377696342327,35.0142649040115,"CORN, GRAIN - PRODUCTION, MEASURED IN $",1924353000,2111870176.66595,NA
"280","WISCONSIN",2014,5676300,293836708,0.0193178722925251,"north",145.221875,146.5,9294.2,187.4,95,6.31176793557835,155.067849992087,-6.34946250469657,9.04269388464349,"CORN, GRAIN - PRODUCTION, MEASURED IN $",1780537000,1922847261.18914,NA
"281","WISCONSIN",2015,5257628,306498857,0.0171538257971383,"north",155.33064516129,157.95,9630.5,194.2,107.1,6.96091422954725,150.222750861935,3.40021352960718,-3.12450268085821,"CORN, GRAIN - PRODUCTION, MEASURED IN $",1702320000,1836200498.44526,NA
"282","WISCONSIN",2016,4401722,313440222,0.0140432583026948,"north",168.762295081967,169.3,10294.5,203,115.1,8.64713457330322,154.043449743495,9.55499592029504,2.54335568989235,"CORN, GRAIN - PRODUCTION, MEASURED IN $",1879965000,2002552682.06748,NA
"283","WISCONSIN",2017,4655715,320609958,0.0145214298053712,"north",163.433333333333,166.55,9806,206,82.6,-3.15767319118623,157.421269653355,3.81909235849605,2.19277088086811,"CORN, GRAIN - PRODUCTION, MEASURED IN $",1682406000,1754733611.6331,NA
"284","WISCONSIN",2018,4682426,337553116,0.0138716716808504,"north",162.444827586207,163.7,9421.8,202.7,112.3,-0.604837291735538,156.524640925052,3.78227135751103,-0.569572796787465,"CORN, GRAIN - PRODUCTION, MEASURED IN $",1919245000,1954025751.25893,NA
"285","WISCONSIN",2019,4944024,349416487,0.0141493724078337,"north",155.963793103448,156.8,9045.9,198.1,111.1,-3.98968349996816,152.508715891961,2.26549492026063,-2.56568231644335,"CORN, GRAIN - PRODUCTION, MEASURED IN $",1520245000,1520245000,NA
