"","year","state","avg_gdp","max_gdp","min_gdp","avg_perc","max_perc","min_perc","region","nat_avg_gdp","nat_avg_perc","pct_diff"
"1","1963","Arkansas",18.3,18.3,18.3,0.00122442425296739,0.00122442425296739,0.00122442425296739,"south",25.19,0.000968157416925199,-0.273521238586741
"2","1963","Idaho",8.6,8.6,8.6,0.00119879005840617,0.00119879005840617,0.00119879005840617,"north",25.19,0.000968157416925199,-0.658594680428742
"3","1963","Minnesota",32.9,32.9,32.9,0.00076543847526517,0.00076543847526517,0.00076543847526517,"north",25.19,0.000968157416925199,0.30607383882493
"4","1963","Montana",5.9,5.9,5.9,0.000778662021089863,0.000778662021089863,0.000778662021089863,"north",25.19,0.000968157416925199,-0.765780071456927
"5","1963","North Dakota",5.6,5.6,5.6,0.00093692487870169,0.00093692487870169,0.00093692487870169,"north",25.19,0.000968157416925199,-0.777689559348948
"6","1963","Oklahoma",22.3,22.3,22.3,0.000952315878479369,0.000952315878479369,0.000952315878479369,"south",25.19,0.000968157416925199,-0.114728066693132
"7","1963","South Dakota",10.7,10.7,10.7,0.00178161110926105,0.00178161110926105,0.00178161110926105,"north",25.19,0.000968157416925199,-0.575228265184597
"8","1963","Tennessee",21.3,21.3,21.3,0.000585029828281386,0.000585029828281386,0.000585029828281386,"south",25.19,0.000968157416925199,-0.154426359666534
"9","1963","Texas",91,91,91,0.000793965859468043,0.000793965859468043,0.000793965859468043,"south",25.19,0.000968157416925199,2.6125446605796
"10","1963","Wisconsin",35.3,35.3,35.3,0.000664411807331869,0.000664411807331869,0.000664411807331869,"north",25.19,0.000968157416925199,0.401349741961095
"11","1964","Arkansas",20.9,20.9,20.9,0.00127276048961695,0.00127276048961695,0.00127276048961695,"south",30.58,0.00111767695325849,-0.316546762589928
"12","1964","Idaho",11.2,11.2,11.2,0.00147434378537767,0.00147434378537767,0.00147434378537767,"north",30.58,0.00111767695325849,-0.633747547416612
"13","1964","Minnesota",38.5,38.5,38.5,0.00084677171034689,0.00084677171034689,0.00084677171034689,"north",30.58,0.00111767695325849,0.258992805755396
"14","1964","Montana",7,7,7,0.000899292128624468,0.000899292128624468,0.000899292128624468,"north",30.58,0.00111767695325849,-0.771092217135383
"15","1964","North Dakota",6.3,6.3,6.3,0.00108853410740203,0.00108853410740203,0.00108853410740203,"north",30.58,0.00111767695325849,-0.793982995421844
"16","1964","Oklahoma",24.6,24.6,24.6,0.000987246065061924,0.000987246065061924,0.000987246065061924,"south",30.58,0.00111767695325849,-0.195552648790059
"17","1964","South Dakota",13.6,13.6,13.6,0.00228906131654688,0.00228906131654688,0.00228906131654688,"north",30.58,0.00111767695325849,-0.555264879005886
"18","1964","Tennessee",26.4,26.4,26.4,0.000673739227190482,0.000673739227190482,0.000673739227190482,"south",30.58,0.00111767695325849,-0.136690647482014
"19","1964","Texas",118.5,118.5,118.5,0.000964579187067313,0.000964579187067313,0.000964579187067313,"south",30.58,0.00111767695325849,2.87508175277959
"20","1964","Wisconsin",38.8,38.8,38.8,0.000680441515350269,0.000680441515350269,0.000680441515350269,"north",30.58,0.00111767695325849,0.268803139306736
"21","1965","Arkansas",22.2,22.2,22.2,0.00125813252329245,0.00125813252329245,0.00125813252329245,"south",33.1,0.00110647933464543,-0.329305135951662
"22","1965","Idaho",13,13,13,0.00151569914537887,0.00151569914537887,0.00151569914537887,"north",33.1,0.00110647933464543,-0.607250755287009
"23","1965","Minnesota",40.8,40.8,40.8,0.000814803867921891,0.000814803867921891,0.000814803867921891,"north",33.1,0.00110647933464543,0.232628398791541
"24","1965","Montana",7.6,7.6,7.6,0.000905527290924472,0.000905527290924472,0.000905527290924472,"north",33.1,0.00110647933464543,-0.770392749244713
"25","1965","North Dakota",6.9,6.9,6.9,0.00102960487047869,0.00102960487047869,0.00102960487047869,"north",33.1,0.00110647933464543,-0.791540785498489
"26","1965","Oklahoma",28.7,28.7,28.7,0.00108062518120239,0.00108062518120239,0.00108062518120239,"south",33.1,0.00110647933464543,-0.132930513595166
"27","1965","South Dakota",14.3,14.3,14.3,0.00216853949623159,0.00216853949623159,0.00216853949623159,"north",33.1,0.00110647933464543,-0.56797583081571
"28","1965","Tennessee",30,30,30,0.000686205216532056,0.000686205216532056,0.000686205216532056,"south",33.1,0.00110647933464543,-0.0936555891238671
"29","1965","Texas",127.8,127.8,127.8,0.000959764970230764,0.000959764970230764,0.000959764970230764,"south",33.1,0.00110647933464543,2.86102719033233
"30","1965","Wisconsin",39.7,39.7,39.7,0.00064589078426109,0.00064589078426109,0.00064589078426109,"north",33.1,0.00110647933464543,0.199395770392749
"31","1966","Arkansas",24.3,24.3,24.3,0.0012531069833641,0.0012531069833641,0.0012531069833641,"south",35.58,0.0011079027186635,-0.317032040472175
"32","1966","Idaho",13.6,13.6,13.6,0.00152979156589915,0.00152979156589915,0.00152979156589915,"north",35.58,0.0011079027186635,-0.617762788083193
"33","1966","Minnesota",43.6,43.6,43.6,0.000788118926422952,0.000788118926422952,0.000788118926422952,"north",35.58,0.0011079027186635,0.225407532321529
"34","1966","Montana",8.8,8.8,8.8,0.000969782460161777,0.000969782460161777,0.000969782460161777,"north",35.58,0.0011079027186635,-0.752670039347948
"35","1966","North Dakota",7.9,7.9,7.9,0.00116603444967602,0.00116603444967602,0.00116603444967602,"north",35.58,0.0011079027186635,-0.77796514896009
"36","1966","Oklahoma",27.8,27.8,27.8,0.000973287119700312,0.000973287119700312,0.000973287119700312,"south",35.58,0.0011079027186635,-0.218662169758291
"37","1966","South Dakota",15.4,15.4,15.4,0.00214016704420696,0.00214016704420696,0.00214016704420696,"north",35.58,0.0011079027186635,-0.56717256885891
"38","1966","Tennessee",31.6,31.6,31.6,0.000650631483151527,0.000650631483151527,0.000650631483151527,"south",35.58,0.0011079027186635,-0.11186059584036
"39","1966","Texas",139.7,139.7,139.7,0.00096552849034748,0.00096552849034748,0.00096552849034748,"south",35.58,0.0011079027186635,2.92636312535132
"40","1966","Wisconsin",43.1,43.1,43.1,0.000642578663704742,0.000642578663704742,0.000642578663704742,"north",35.58,0.0011079027186635,0.211354693648117
"41","1967","Arkansas",29.6,29.6,29.6,0.00144464237780327,0.00144464237780327,0.00144464237780327,"south",39.65,0.00118208267135342,-0.253467843631778
"42","1967","Idaho",16.4,16.4,16.4,0.00180118834499347,0.00180118834499347,0.00180118834499347,"north",39.65,0.00118208267135342,-0.586380832282472
"43","1967","Minnesota",47,47,47,0.000799088698845572,0.000799088698845572,0.000799088698845572,"north",39.65,0.00118208267135342,0.185372005044136
"44","1967","Montana",9.9,9.9,9.9,0.00108913287421065,0.00108913287421065,0.00108913287421065,"north",39.65,0.00118208267135342,-0.75031525851198
"45","1967","North Dakota",8.2,8.2,8.2,0.00119191243804236,0.00119191243804236,0.00119191243804236,"north",39.65,0.00118208267135342,-0.793190416141236
"46","1967","Oklahoma",31.1,31.1,31.1,0.00100676246556452,0.00100676246556452,0.00100676246556452,"south",39.65,0.00118208267135342,-0.215636822194199
"47","1967","South Dakota",15.7,15.7,15.7,0.00214001417589008,0.00214001417589008,0.00214001417589008,"north",39.65,0.00118208267135342,-0.604035308953342
"48","1967","Tennessee",34.1,34.1,34.1,0.000669916054214086,0.000669916054214086,0.000669916054214086,"south",39.65,0.00118208267135342,-0.139974779319042
"49","1967","Texas",157.6,157.6,157.6,0.00100526039497293,0.00100526039497293,0.00100526039497293,"south",39.65,0.00118208267135342,2.97477931904161
"50","1967","Wisconsin",46.9,46.9,46.9,0.000672908888997294,0.000672908888997294,0.000672908888997294,"north",39.65,0.00118208267135342,0.182849936948298
"51","1968","Arkansas",36.9,36.9,36.9,0.00161620939766635,0.00161620939766635,0.00161620939766635,"south",45.38,0.00123912423107287,-0.186866460996034
"52","1968","Idaho",17.5,17.5,17.5,0.00179362085929813,0.00179362085929813,0.00179362085929813,"north",45.38,0.00123912423107287,-0.614367562802997
"53","1968","Minnesota",53.6,53.6,53.6,0.000824464444201754,0.000824464444201754,0.000824464444201754,"north",45.38,0.00123912423107287,0.181137064786249
"54","1968","Montana",11.1,11.1,11.1,0.00113613101330604,0.00113613101330604,0.00113613101330604,"north",45.38,0.00123912423107287,-0.755398854120758
"55","1968","North Dakota",8.9,8.9,8.9,0.00123733125721197,0.00123733125721197,0.00123733125721197,"north",45.38,0.00123912423107287,-0.803878360511239
"56","1968","Oklahoma",37.1,37.1,37.1,0.00109883925847602,0.00109883925847602,0.00109883925847602,"south",45.38,0.00123912423107287,-0.182459233142353
"57","1968","South Dakota",17.6,17.6,17.6,0.00224569999489614,0.00224569999489614,0.00224569999489614,"north",45.38,0.00123912423107287,-0.612163948876157
"58","1968","Tennessee",40.2,40.2,40.2,0.000710892931036312,0.000710892931036312,0.000710892931036312,"south",45.38,0.00123912423107287,-0.114147201410313
"59","1968","Texas",177.1,177.1,177.1,0.00101313529045977,0.00101313529045977,0.00101313529045977,"south",45.38,0.00123912423107287,2.90260026443367
"60","1968","Wisconsin",53.8,53.8,53.8,0.000714917864176236,0.000714917864176236,0.000714917864176236,"north",45.38,0.00123912423107287,0.185544292639929
"61","1969","Arkansas",42.4,42.4,42.4,0.00169258098640746,0.00169258098640746,0.00169258098640746,"south",51.43,0.00128144820709669,-0.175578456153996
"62","1969","Idaho",19.6,19.6,19.6,0.00182748878798333,0.00182748878798333,0.00182748878798333,"north",51.43,0.00128144820709669,-0.618899475014583
"63","1969","Minnesota",61.5,61.5,61.5,0.000866263067895305,0.000866263067895305,0.000866263067895305,"north",51.43,0.00128144820709669,0.195800116663426
"64","1969","Montana",12.7,12.7,12.7,0.00118977356829019,0.00118977356829019,0.00118977356829019,"north",51.43,0.00128144820709669,-0.753062414932919
"65","1969","North Dakota",10.7,10.7,10.7,0.00133121003259598,0.00133121003259598,0.00133121003259598,"north",51.43,0.00128144820709669,-0.7919502236049
"66","1969","Oklahoma",40.3,40.3,40.3,0.00109442468022703,0.00109442468022703,0.00109442468022703,"south",51.43,0.00128144820709669,-0.216410655259576
"67","1969","South Dakota",19.4,19.4,19.4,0.00227846614598626,0.00227846614598626,0.00227846614598626,"north",51.43,0.00128144820709669,-0.622788255881781
"68","1969","Tennessee",43.3,43.3,43.3,0.000706506220681216,0.000706506220681216,0.000706506220681216,"south",51.43,0.00128144820709669,-0.158078942251604
"69","1969","Texas",203.2,203.2,203.2,0.00106772879058171,0.00106772879058171,0.00106772879058171,"south",51.43,0.00128144820709669,2.9510013610733
"70","1969","Wisconsin",61.2,61.2,61.2,0.000760039790318434,0.000760039790318434,0.000760039790318434,"north",51.43,0.00128144820709669,0.189966945362629
"71","1970","Arkansas",44.6,44.6,44.6,0.00166439646968821,0.00166439646968821,0.00166439646968821,"south",55.22,0.001266200928446,-0.192321622600507
"72","1970","Idaho",22.9,22.9,22.9,0.00194822320342343,0.00194822320342343,0.00194822320342343,"north",55.22,0.001266200928446,-0.585295182904745
"73","1970","Minnesota",65.3,65.3,65.3,0.000875758912825107,0.000875758912825107,0.000875758912825107,"north",55.22,0.001266200928446,0.182542557044549
"74","1970","Montana",13.3,13.3,13.3,0.00118646184588485,0.00118646184588485,0.00118646184588485,"north",55.22,0.001266200928446,-0.759145237232887
"75","1970","North Dakota",11.4,11.4,11.4,0.00135186414951143,0.00135186414951143,0.00135186414951143,"north",55.22,0.001266200928446,-0.793553060485331
"76","1970","Oklahoma",43.4,43.4,43.4,0.0010914834114641,0.0010914834114641,0.0010914834114641,"south",55.22,0.001266200928446,-0.214052879391525
"77","1970","South Dakota",18.4,18.4,18.4,0.00201593023128417,0.00201593023128417,0.00201593023128417,"north",55.22,0.001266200928446,-0.666787395871061
"78","1970","Tennessee",42,42,42,0.000645893501388671,0.000645893501388671,0.000645893501388671,"south",55.22,0.001266200928446,-0.239406012314379
"79","1970","Texas",227.3,227.3,227.3,0.00111169910467383,0.00111169910467383,0.00111169910467383,"south",55.22,0.001266200928446,3.11626222383195
"80","1970","Wisconsin",63.6,63.6,63.6,0.000770298454316215,0.000770298454316215,0.000770298454316215,"north",55.22,0.001266200928446,0.151756609923941
"81","1971","Arkansas",52.3,52.3,52.3,0.00175061589545844,0.00175061589545844,0.00175061589545844,"south",61.68,0.00131899058465665,-0.152075226977951
"82","1971","Idaho",25.3,25.3,25.3,0.00199222010488685,0.00199222010488685,0.00199222010488685,"north",61.68,0.00131899058465665,-0.589818417639429
"83","1971","Minnesota",69,69,69,0.000868071936743975,0.000868071936743975,0.000868071936743975,"north",61.68,0.00131899058465665,0.118677042801556
"84","1971","Montana",16.3,16.3,16.3,0.00135450685147791,0.00135450685147791,0.00135450685147791,"north",61.68,0.00131899058465665,-0.735732814526589
"85","1971","North Dakota",14.1,14.1,14.1,0.00145650624438315,0.00145650624438315,0.00145650624438315,"north",61.68,0.00131899058465665,-0.771400778210117
"86","1971","Oklahoma",49.7,49.7,49.7,0.00115338915396469,0.00115338915396469,0.00115338915396469,"south",61.68,0.00131899058465665,-0.194228274967575
"87","1971","South Dakota",20.5,20.5,20.5,0.00206557443121133,0.00206557443121133,0.00206557443121133,"north",61.68,0.00131899058465665,-0.667639429312581
"88","1971","Tennessee",45.6,45.6,45.6,0.000633784024194983,0.000633784024194983,0.000633784024194983,"south",61.68,0.00131899058465665,-0.260700389105058
"89","1971","Texas",253.3,253.3,253.3,0.00113261474375542,0.00113261474375542,0.00113261474375542,"south",61.68,0.00131899058465665,3.10667963683528
"90","1971","Wisconsin",70.7,70.7,70.7,0.000782622460489742,0.000782622460489742,0.000782622460489742,"north",61.68,0.00131899058465665,0.146238651102464
"91","1972","Arkansas",59.2,59.2,59.2,0.00173524601215845,0.00173524601215845,0.00173524601215845,"south",71.15,0.00133435273659616,-0.167955024595924
"92","1972","Idaho",31.2,31.2,31.2,0.00212272334519428,0.00212272334519428,0.00212272334519428,"north",71.15,0.00133435273659616,-0.561489810260014
"93","1972","Minnesota",73.3,73.3,73.3,0.000838673728459643,0.000838673728459643,0.000838673728459643,"north",71.15,0.00133435273659616,0.0302178496134925
"94","1972","Montana",20.8,20.8,20.8,0.00148166088486498,0.00148166088486498,0.00148166088486498,"north",71.15,0.00133435273659616,-0.707659873506676
"95","1972","North Dakota",14.7,14.7,14.7,0.00129563362654022,0.00129563362654022,0.00129563362654022,"north",71.15,0.00133435273659616,-0.793394237526353
"96","1972","Oklahoma",56.6,56.6,56.6,0.00115814868091776,0.00115814868091776,0.00115814868091776,"south",71.15,0.00133435273659616,-0.20449754040759
"97","1972","South Dakota",23.7,23.7,23.7,0.00207204056653261,0.00207204056653261,0.00207204056653261,"north",71.15,0.00133435273659616,-0.666900913562895
"98","1972","Tennessee",52.6,52.6,52.6,0.000643315693111508,0.000643315693111508,0.000643315693111508,"south",71.15,0.00133435273659616,-0.26071679550246
"99","1972","Texas",302,302,302,0.00120886264438303,0.00120886264438303,0.00120886264438303,"south",71.15,0.00133435273659616,3.24455375966268
"100","1972","Wisconsin",77.4,77.4,77.4,0.00078722218379909,0.00078722218379909,0.00078722218379909,"north",71.15,0.00133435273659616,0.0878425860857344
"101","1973","Arkansas",64.9,64.9,64.9,0.00163285228347725,0.00163285228347725,0.00163285228347725,"south",79.47,0.00125772101966725,-0.183339625015729
"102","1973","Idaho",35.4,35.4,35.4,0.00202495152128773,0.00202495152128773,0.00202495152128773,"north",79.47,0.00125772101966725,-0.554548886372216
"103","1973","Minnesota",83.1,83.1,83.1,0.000797504033105534,0.000797504033105534,0.000797504033105534,"north",79.47,0.00125772101966725,0.0456776141940354
"104","1973","Montana",24.4,24.4,24.4,0.00146282096630116,0.00146282096630116,0.00146282096630116,"north",79.47,0.00125772101966725,-0.692965899081414
"105","1973","North Dakota",18,18,18,0.00108686463704759,0.00108686463704759,0.00108686463704759,"north",79.47,0.00125772101966725,-0.773499433748584
"106","1973","Oklahoma",62.9,62.9,62.9,0.00112887478642909,0.00112887478642909,0.00112887478642909,"south",79.47,0.00125772101966725,-0.20850635459922
"107","1973","South Dakota",27.8,27.8,27.8,0.00185341982625856,0.00185341982625856,0.00185341982625856,"north",79.47,0.00125772101966725,-0.65018245878948
"108","1973","Tennessee",63.4,63.4,63.4,0.000680542287008512,0.000680542287008512,0.000680542287008512,"south",79.47,0.00125772101966725,-0.202214672203347
"109","1973","Texas",330.2,330.2,330.2,0.00114405019407623,0.00114405019407623,0.00114405019407623,"south",79.47,0.00125772101966725,3.1550270542343
"110","1973","Wisconsin",84.6,84.6,84.6,0.000765329661680866,0.000765329661680866,0.000765329661680866,"north",79.47,0.00125772101966725,0.0645526613816534
"111","1974","Arkansas",73.4,73.4,73.4,0.00168306933145001,0.00168306933145001,0.00168306933145001,"south",91.19,0.00135177638876049,-0.195087180611909
"112","1974","Idaho",41.6,41.6,41.6,0.00205638244758944,0.00205638244758944,0.00205638244758944,"north",91.19,0.00135177638876049,-0.543809628248711
"113","1974","Minnesota",97,97,97,0.000875560313468645,0.000875560313468645,0.000875560313468645,"north",91.19,0.00135177638876049,0.0637131264393026
"114","1974","Montana",28.4,28.4,28.4,0.00158947810270043,0.00158947810270043,0.00158947810270043,"north",91.19,0.00135177638876049,-0.688562342362101
"115","1974","North Dakota",23.2,23.2,23.2,0.001375858428912,0.001375858428912,0.001375858428912,"north",91.19,0.00135177638876049,-0.745586138831012
"116","1974","Oklahoma",74.5,74.5,74.5,0.001196642974742,0.001196642974742,0.001196642974742,"south",91.19,0.00135177638876049,-0.183024454435793
"117","1974","South Dakota",31.6,31.6,31.6,0.00211320350952279,0.00211320350952279,0.00211320350952279,"north",91.19,0.00135177638876049,-0.65347077530431
"118","1974","Tennessee",69.3,69.3,69.3,0.000687805008768769,0.000687805008768769,0.000687805008768769,"south",91.19,0.00135177638876049,-0.240048250904704
"119","1974","Texas",378.4,378.4,378.4,0.0011338547946716,0.0011338547946716,0.0011338547946716,"south",91.19,0.00135177638876049,3.14957780458384
"120","1974","Wisconsin",94.5,94.5,94.5,0.000805908975779237,0.000805908975779237,0.000805908975779237,"north",91.19,0.00135177638876049,0.036297839675403
"121","1975","Arkansas",66.5,66.5,66.5,0.0013931836656024,0.0013931836656024,0.0013931836656024,"south",95.29,0.00123603802124378,-0.302130338965264
"122","1975","Idaho",44.3,44.3,44.3,0.00195046780407265,0.00195046780407265,0.00195046780407265,"north",95.29,0.00123603802124378,-0.535103368664078
"123","1975","Minnesota",100.4,100.4,100.4,0.00085087413757889,0.00085087413757889,0.00085087413757889,"north",95.29,0.00123603802124378,0.0536257739531955
"124","1975","Montana",28.9,28.9,28.9,0.00145242187578526,0.00145242187578526,0.00145242187578526,"north",95.29,0.00123603802124378,-0.696715290166859
"125","1975","North Dakota",26,26,26,0.00143034757446059,0.00143034757446059,0.00143034757446059,"north",95.29,0.00123603802124378,-0.727148703956344
"126","1975","Oklahoma",70.6,70.6,70.6,0.00100971384766765,0.00100971384766765,0.00100971384766765,"south",95.29,0.00123603802124378,-0.259103788435303
"127","1975","South Dakota",29.3,29.3,29.3,0.0017690779662245,0.0017690779662245,0.0017690779662245,"north",95.29,0.00123603802124378,-0.692517577920034
"128","1975","Tennessee",71.5,71.5,71.5,0.000673087513614725,0.000673087513614725,0.000673087513614725,"south",95.29,0.00123603802124378,-0.249658935879945
"129","1975","Texas",415,415,415,0.00107261749684676,0.00107261749684676,0.00107261749684676,"south",95.29,0.00123603802124378,3.35512645608144
"130","1975","Wisconsin",100.4,100.4,100.4,0.000758588330584332,0.000758588330584332,0.000758588330584332,"north",95.29,0.00123603802124378,0.0536257739531955
"131","1976","Arkansas",75.3,75.3,75.3,0.00137101781230712,0.00137101781230712,0.00137101781230712,"south",112.44,0.00124202023378347,-0.330309498399146
"132","1976","Idaho",52.4,52.4,52.4,0.00204073684620477,0.00204073684620477,0.00204073684620477,"north",112.44,0.00124202023378347,-0.533973674848808
"133","1976","Minnesota",114.6,114.6,114.6,0.000874971464172362,0.000874971464172362,0.000874971464172362,"north",112.44,0.00124202023378347,0.0192102454642476
"134","1976","Montana",33.4,33.4,33.4,0.00144685201389671,0.00144685201389671,0.00144685201389671,"north",112.44,0.00124202023378347,-0.702952685876912
"135","1976","North Dakota",24.4,24.4,24.4,0.00129979437679121,0.00129979437679121,0.00129979437679121,"north",112.44,0.00124202023378347,-0.782995375311277
"136","1976","Oklahoma",81.9,81.9,81.9,0.00102140332585884,0.00102140332585884,0.00102140332585884,"south",112.44,0.00124202023378347,-0.271611526147278
"137","1976","South Dakota",29.9,29.9,29.9,0.00171091783016709,0.00171091783016709,0.00171091783016709,"north",112.44,0.00124202023378347,-0.734080398434721
"138","1976","Tennessee",85.1,85.1,85.1,0.00069688922081889,0.00069688922081889,0.00069688922081889,"south",112.44,0.00124202023378347,-0.243151903237282
"139","1976","Texas",500.6,500.6,500.6,0.00112441698664783,0.00112441698664783,0.00112441698664783,"south",112.44,0.00124202023378347,3.45215225898257
"140","1976","Wisconsin",126.8,126.8,126.8,0.000833202460969919,0.000833202460969919,0.000833202460969919,"north",112.44,0.00124202023378347,0.127712557808609
"141","1977","Arkansas",66.2,66.2,66.2,0.00108258735106247,0.00108258735106247,0.00108258735106247,"south",109.39,0.0010439412663702,-0.394825852454521
"142","1977","Idaho",48.5,48.5,48.5,0.00172694967276974,0.00172694967276974,0.00172694967276974,"north",109.39,0.0010439412663702,-0.55663223329372
"143","1977","Minnesota",119.8,119.8,119.8,0.000814258080389974,0.000814258080389974,0.000814258080389974,"north",109.39,0.0010439412663702,0.0951640917816985
"144","1977","Montana",29.5,29.5,29.5,0.00121532712898535,0.00121532712898535,0.00121532712898535,"north",109.39,0.0010439412663702,-0.730322698601335
"145","1977","North Dakota",22,22,22,0.0011307507671116,0.0011307507671116,0.0011307507671116,"north",109.39,0.0010439412663702,-0.798884724380656
"146","1977","Oklahoma",79.2,79.2,79.2,0.000849703354826251,0.000849703354826251,0.000849703354826251,"south",109.39,0.0010439412663702,-0.275985007770363
"147","1977","South Dakota",25.2,25.2,25.2,0.00130225828122578,0.00130225828122578,0.00130225828122578,"north",109.39,0.0010439412663702,-0.769631593381479
"148","1977","Tennessee",83.6,83.6,83.6,0.000619780333836225,0.000619780333836225,0.000619780333836225,"south",109.39,0.0010439412663702,-0.235761952646494
"149","1977","Texas",497.8,497.8,497.8,0.000969697064143766,0.000969697064143766,0.000969697064143766,"south",109.39,0.0010439412663702,3.55069019105951
"150","1977","Wisconsin",122.1,122.1,122.1,0.000728100629350863,0.000728100629350863,0.000728100629350863,"north",109.39,0.0010439412663702,0.116189779687357
"151","1978","Arkansas",81.1,81.1,81.1,0.00115309587046653,0.00115309587046653,0.00115309587046653,"south",124.78,0.00101619565736931,-0.350056098733771
"152","1978","Idaho",53,53,53,0.00159621245889,0.00159621245889,0.00159621245889,"north",124.78,0.00101619565736931,-0.575252444301971
"153","1978","Minnesota",142.4,142.4,142.4,0.000855750716931605,0.000855750716931605,0.000855750716931605,"north",124.78,0.00101619565736931,0.141208527007533
"154","1978","Montana",30.7,30.7,30.7,0.00107566440672027,0.00107566440672027,0.00107566440672027,"north",124.78,0.00101619565736931,-0.753966981888123
"155","1978","North Dakota",25.9,25.9,25.9,0.00108141059364849,0.00108141059364849,0.00108141059364849,"north",124.78,0.00101619565736931,-0.79243468504568
"156","1978","Oklahoma",75.2,75.2,75.2,0.000714873746832026,0.000714873746832026,0.000714873746832026,"south",124.78,0.00101619565736931,-0.397339317198269
"157","1978","South Dakota",29.9,29.9,29.9,0.00131356974659966,0.00131356974659966,0.00131356974659966,"north",124.78,0.00101619565736931,-0.760378265747716
"158","1978","Tennessee",97.9,97.9,97.9,0.000641019345165018,0.000641019345165018,0.000641019345165018,"south",124.78,0.00101619565736931,-0.215419137682321
"159","1978","Texas",569.2,569.2,569.2,0.000970158589908919,0.000970158589908919,0.000970158589908919,"south",124.78,0.00101619565736931,3.56162846610034
"160","1978","Wisconsin",142.5,142.5,142.5,0.000760201098530598,0.000760201098530598,0.000760201098530598,"north",124.78,0.00101619565736931,0.142009937489982
"161","1979","Arkansas",91.3,91.3,91.3,0.00118682712881429,0.00118682712881429,0.00118682712881429,"south",147.49,0.00105390988606151,-0.380974981354668
"162","1979","Idaho",62.5,62.5,62.5,0.00170897169122573,0.00170897169122573,0.00170897169122573,"north",147.49,0.00105390988606151,-0.576242457115737
"163","1979","Minnesota",164.7,164.7,164.7,0.000878037078007757,0.000878037078007757,0.000878037078007757,"north",147.49,0.00105390988606151,0.116685877008611
"164","1979","Montana",34.5,34.5,34.5,0.00109731428353329,0.00109731428353329,0.00109731428353329,"north",147.49,0.00105390988606151,-0.766085836327887
"165","1979","North Dakota",28.7,28.7,28.7,0.00106208575879921,0.00106208575879921,0.00106208575879921,"north",147.49,0.00105390988606151,-0.805410536307546
"166","1979","Oklahoma",91.5,91.5,91.5,0.00074276896151158,0.00074276896151158,0.00074276896151158,"south",147.49,0.00105390988606151,-0.379618957217438
"167","1979","South Dakota",35.3,35.3,35.3,0.00136946443465948,0.00136946443465948,0.00136946443465948,"north",147.49,0.00105390988606151,-0.760661739778968
"168","1979","Tennessee",110.6,110.6,110.6,0.000655712435117966,0.000655712435117966,0.000655712435117966,"south",147.49,0.00105390988606151,-0.250118652112008
"169","1979","Texas",684.2,684.2,684.2,0.00100856097570683,0.00100856097570683,0.00100856097570683,"south",147.49,0.00105390988606151,3.63895857346261
"170","1979","Wisconsin",171.6,171.6,171.6,0.000829356113239008,0.000829356113239008,0.000829356113239008,"north",147.49,0.00105390988606151,0.163468709743033
"171","1980","Arkansas",94.9,94.9,94.9,0.00116268527616532,0.00116268527616532,0.00116268527616532,"south",162.22,0.00108025889234736,-0.414991986191592
"172","1980","Idaho",71.3,71.3,71.3,0.00182591571081388,0.00182591571081388,0.00182591571081388,"north",162.22,0.00108025889234736,-0.560473431142892
"173","1980","Minnesota",186.5,186.5,186.5,0.000926093286643004,0.000926093286643004,0.000926093286643004,"north",162.22,0.00108025889234736,0.14967328319566
"174","1980","Montana",37.5,37.5,37.5,0.00109405040800787,0.00109405040800787,0.00109405040800787,"north",162.22,0.00108025889234736,-0.768832449759586
"175","1980","North Dakota",29.6,29.6,29.6,0.00103039311586005,0.00103039311586005,0.00103039311586005,"north",162.22,0.00108025889234736,-0.817531747010233
"176","1980","Oklahoma",98.8,98.8,98.8,0.000670517391035834,0.000670517391035834,0.000670517391035834,"south",162.22,0.00108025889234736,-0.390950560966589
"177","1980","South Dakota",40.4,40.4,40.4,0.00155673209565425,0.00155673209565425,0.00155673209565425,"north",162.22,0.00108025889234736,-0.750955492540994
"178","1980","Tennessee",126.9,126.9,126.9,0.000705986419914492,0.000705986419914492,0.000705986419914492,"south",162.22,0.00108025889234736,-0.217729009986438
"179","1980","Texas",737.2,737.2,737.2,0.000917465559883607,0.000917465559883607,0.000917465559883607,"south",162.22,0.00108025889234736,3.54444581432622
"180","1980","Wisconsin",199.1,199.1,199.1,0.000912749659495324,0.000912749659495324,0.000912749659495324,"north",162.22,0.00108025889234736,0.227345580076439
"181","1981","Arkansas",105.4,105.4,105.4,0.00113890785868034,0.00113890785868034,0.00113890785868034,"south",179.12,0.00104854146876714,-0.411567664135775
"182","1981","Idaho",79.8,79.8,79.8,0.00189832314788603,0.00189832314788603,0.00189832314788603,"north",179.12,0.00104854146876714,-0.554488610987048
"183","1981","Minnesota",206.5,206.5,206.5,0.000927218510604192,0.000927218510604192,0.000927218510604192,"north",179.12,0.00104854146876714,0.152858418937025
"184","1981","Montana",42.5,42.5,42.5,0.0010841255953125,0.0010841255953125,0.0010841255953125,"north",179.12,0.00104854146876714,-0.762728896828942
"185","1981","North Dakota",32.8,32.8,32.8,0.000869228771472336,0.000869228771472336,0.000869228771472336,"north",179.12,0.00104854146876714,-0.816882536846807
"186","1981","Oklahoma",111.3,111.3,111.3,0.00062359928283281,0.00062359928283281,0.00062359928283281,"south",179.12,0.00104854146876714,-0.378628852166146
"187","1981","South Dakota",43.4,43.4,43.4,0.00146618154300405,0.00146618154300405,0.00146618154300405,"north",179.12,0.00104854146876714,-0.757704332291201
"188","1981","Tennessee",146.8,146.8,146.8,0.000726154984623619,0.000726154984623619,0.000726154984623619,"south",179.12,0.00104854146876714,-0.180437695399732
"189","1981","Texas",802.1,802.1,802.1,0.00082416732744247,0.00082416732744247,0.00082416732744247,"south",179.12,0.00104854146876714,3.47800357302367
"190","1981","Wisconsin",220.6,220.6,220.6,0.000927507665813018,0.000927507665813018,0.000927507665813018,"north",179.12,0.00104854146876714,0.231576596694953
"191","1982","Arkansas",122.6,122.6,122.6,0.00129240778944506,0.00129240778944506,0.00129240778944506,"south",202.96,0.00120447688526804,-0.395940086716594
"192","1982","Idaho",94.1,94.1,94.1,0.0022432161187355,0.0022432161187355,0.0022432161187355,"north",202.96,0.00120447688526804,-0.536361844698463
"193","1982","Minnesota",234.7,234.7,234.7,0.00101636842510963,0.00101636842510963,0.00101636842510963,"north",202.96,0.00120447688526804,0.156385494678754
"194","1982","Montana",51.9,51.9,51.9,0.00133279918645321,0.00133279918645321,0.00133279918645321,"north",202.96,0.00120447688526804,-0.744284588096177
"195","1982","North Dakota",38.4,38.4,38.4,0.00102047595636402,0.00102047595636402,0.00102047595636402,"north",202.96,0.00120447688526804,-0.810800157666535
"196","1982","Oklahoma",131.5,131.5,131.5,0.000683221229631954,0.000683221229631954,0.000683221229631954,"south",202.96,0.00120447688526804,-0.352089081592432
"197","1982","South Dakota",52.3,52.3,52.3,0.00175562858552731,0.00175562858552731,0.00175562858552731,"north",202.96,0.00120447688526804,-0.742313756405203
"198","1982","Tennessee",167.2,167.2,167.2,0.000801321221497263,0.000801321221497263,0.000801321221497263,"south",202.96,0.00120447688526804,-0.176192353173039
"199","1982","Texas",882.5,882.5,882.5,0.000858579461066997,0.000858579461066997,0.000858579461066997,"south",202.96,0.00120447688526804,3.34814741821048
"200","1982","Wisconsin",254.4,254.4,254.4,0.00104075087884948,0.00104075087884948,0.00104075087884948,"north",202.96,0.00120447688526804,0.253448955459204
"201","1983","Arkansas",127.4,127.4,127.4,0.0012424371272201,0.0012424371272201,0.0012424371272201,"south",210.4,0.00122000078438171,-0.394486692015209
"202","1983","Idaho",104.8,104.8,104.8,0.00224379423892983,0.00224379423892983,0.00224379423892983,"north",210.4,0.00122000078438171,-0.501901140684411
"203","1983","Minnesota",233.3,233.3,233.3,0.000933861921329839,0.000933861921329839,0.000933861921329839,"north",210.4,0.00122000078438171,0.10884030418251
"204","1983","Montana",61.6,61.6,61.6,0.00152465435392772,0.00152465435392772,0.00152465435392772,"north",210.4,0.00122000078438171,-0.707224334600761
"205","1983","North Dakota",42.3,42.3,42.3,0.00111806856958589,0.00111806856958589,0.00111806856958589,"north",210.4,0.00122000078438171,-0.798954372623574
"206","1983","Oklahoma",133.6,133.6,133.6,0.000720248636729985,0.000720248636729985,0.000720248636729985,"south",210.4,0.00122000078438171,-0.365019011406844
"207","1983","South Dakota",55.5,55.5,55.5,0.00175536255353065,0.00175536255353065,0.00175536255353065,"north",210.4,0.00122000078438171,-0.736216730038023
"208","1983","Tennessee",178.8,178.8,178.8,0.000776845148432602,0.000776845148432602,0.000776845148432602,"south",210.4,0.00122000078438171,-0.150190114068441
"209","1983","Texas",901.9,901.9,901.9,0.000864704477489448,0.000864704477489448,0.000864704477489448,"south",210.4,0.00122000078438171,3.28659695817491
"210","1983","Wisconsin",264.8,264.8,264.8,0.00102003081664099,0.00102003081664099,0.00102003081664099,"north",210.4,0.00122000078438171,0.258555133079848
"211","1984","Arkansas",145.1,145.1,145.1,0.0012600977161923,0.0012600977161923,0.0012600977161923,"south",236.5,0.00125506686978297,-0.386469344608879
"212","1984","Idaho",113.6,113.6,113.6,0.00229221273186963,0.00229221273186963,0.00229221273186963,"north",236.5,0.00125506686978297,-0.519661733615222
"213","1984","Minnesota",265.2,265.2,265.2,0.00091938466402592,0.00091938466402592,0.00091938466402592,"north",236.5,0.00125506686978297,0.121353065539112
"214","1984","Montana",67.5,67.5,67.5,0.001602605955996,0.001602605955996,0.001602605955996,"north",236.5,0.00125506686978297,-0.714587737843552
"215","1984","North Dakota",47.8,47.8,47.8,0.0011876130468486,0.0011876130468486,0.0011876130468486,"north",236.5,0.00125506686978297,-0.797885835095137
"216","1984","Oklahoma",146.8,146.8,146.8,0.000733390918841902,0.000733390918841902,0.000733390918841902,"south",236.5,0.00125506686978297,-0.379281183932347
"217","1984","South Dakota",64.8,64.8,64.8,0.00180647823165853,0.00180647823165853,0.00180647823165853,"north",236.5,0.00125506686978297,-0.72600422832981
"218","1984","Tennessee",207.4,207.4,207.4,0.000802627540960514,0.000802627540960514,0.000802627540960514,"south",236.5,0.00125506686978297,-0.123044397463002
"219","1984","Texas",996.9,996.9,996.9,0.00087606697338238,0.00087606697338238,0.00087606697338238,"south",236.5,0.00125506686978297,3.21522198731501
"220","1984","Wisconsin",309.9,309.9,309.9,0.0010701909180539,0.0010701909180539,0.0010701909180539,"north",236.5,0.00125506686978297,0.310359408033827
"221","1985","Arkansas",133.5,133.5,133.5,0.00113581158629913,0.00113581158629913,0.00113581158629913,"south",236.91,0.0011894209970329,-0.436494871470179
"222","1985","Idaho",122.4,122.4,122.4,0.0023858858478374,0.0023858858478374,0.0023858858478374,"north",236.91,0.0011894209970329,-0.483348106876029
"223","1985","Minnesota",245.1,245.1,245.1,0.000799261457629849,0.000799261457629849,0.000799261457629849,"north",236.91,0.0011894209970329,0.0345700899075598
"224","1985","Montana",63.8,63.8,63.8,0.00152436110633255,0.00152436110633255,0.00152436110633255,"north",236.91,0.0011894209970329,-0.730699421721329
"225","1985","North Dakota",44.7,44.7,44.7,0.0011103521083028,0.0011103521083028,0.0011103521083028,"north",236.91,0.0011894209970329,-0.811320754716981
"226","1985","Oklahoma",150.8,150.8,150.8,0.000729372377004263,0.000729372377004263,0.000729372377004263,"south",236.91,0.0011894209970329,-0.363471360432232
"227","1985","South Dakota",62.3,62.3,62.3,0.0016587412736364,0.0016587412736364,0.0016587412736364,"north",236.91,0.0011894209970329,-0.737030940019417
"228","1985","Tennessee",199.5,199.5,199.5,0.000726231481097232,0.000726231481097232,0.000726231481097232,"south",236.91,0.0011894209970329,-0.157908066354312
"229","1985","Texas",1058,1058,1058,0.000876357764359988,0.000876357764359988,0.000876357764359988,"south",236.91,0.0011894209970329,3.46583090625132
"230","1985","Wisconsin",289,289,289,0.000947834967829366,0.000947834967829366,0.000947834967829366,"north",236.91,0.0011894209970329,0.219872525431599
"231","1986","Arkansas",138.1,138.1,138.1,0.00111413466588465,0.00111413466588465,0.00111413466588465,"south",239.73,0.00117936824988349,-0.423935260501397
"232","1986","Idaho",125.8,125.8,125.8,0.00242209536278483,0.00242209536278483,0.00242209536278483,"north",239.73,0.00117936824988349,-0.475242981687732
"233","1986","Minnesota",253.1,253.1,253.1,0.000789134082018188,0.000789134082018188,0.000789134082018188,"north",239.73,0.00117936824988349,0.055771075793601
"234","1986","Montana",65.7,65.7,65.7,0.00156414047267039,0.00156414047267039,0.00156414047267039,"north",239.73,0.00117936824988349,-0.725941684394944
"235","1986","North Dakota",42.9,42.9,42.9,0.00117028299570623,0.00117028299570623,0.00117028299570623,"north",239.73,0.00117936824988349,-0.821048679764735
"236","1986","Oklahoma",147.4,147.4,147.4,0.000770036490535186,0.000770036490535186,0.000770036490535186,"south",239.73,0.00117936824988349,-0.385141617653193
"237","1986","South Dakota",56.4,56.4,56.4,0.00142301345807409,0.00142301345807409,0.00142301345807409,"north",239.73,0.00117936824988349,-0.764735327243149
"238","1986","Tennessee",203.1,203.1,203.1,0.000689583520074316,0.000689583520074316,0.000689583520074316,"south",239.73,0.00117936824988349,-0.152796896508572
"239","1986","Texas",1065.2,1065.2,1065.2,0.000917323822284786,0.000917323822284786,0.000917323822284786,"south",239.73,0.00117936824988349,3.4433320819255
"240","1986","Wisconsin",299.6,299.6,299.6,0.000933937628802188,0.000933937628802188,0.000933937628802188,"north",239.73,0.00117936824988349,0.249739290034622
"241","1987","Arkansas",181.5,181.5,181.5,0.0013702125603573,0.0013702125603573,0.0013702125603573,"south",312.27,0.00146629766883934,-0.418772216351234
"242","1987","Idaho",148.2,148.2,148.2,0.00268627173759367,0.00268627173759367,0.00268627173759367,"north",312.27,0.00146629766883934,-0.525410702276876
"243","1987","Minnesota",358.7,358.7,358.7,0.0010374560086259,0.0010374560086259,0.0010374560086259,"north",312.27,0.00146629766883934,0.148685432478304
"244","1987","Montana",84.2,84.2,84.2,0.0019303868568625,0.0019303868568625,0.0019303868568625,"north",312.27,0.00146629766883934,-0.730361546097928
"245","1987","North Dakota",62.7,62.7,62.7,0.00161530494999511,0.00161530494999511,0.00161530494999511,"north",312.27,0.00146629766883934,-0.799212220194063
"246","1987","Oklahoma",181.8,181.8,181.8,0.000945177127129443,0.000945177127129443,0.000945177127129443,"south",312.27,0.00146629766883934,-0.417811509270823
"247","1987","South Dakota",76.3,76.3,76.3,0.00181526631836393,0.00181526631836393,0.00181526631836393,"north",312.27,0.00146629766883934,-0.755660165882089
"248","1987","Tennessee",309,309,309,0.000950032882206069,0.000950032882206069,0.000950032882206069,"south",312.27,0.00146629766883934,-0.0104717071764818
"249","1987","Texas",1313.7,1313.7,1313.7,0.00110975518481305,0.00110975518481305,0.00110975518481305,"south",312.27,0.00146629766883934,3.20693630512057
"250","1987","Wisconsin",406.6,406.6,406.6,0.00120311306244648,0.00120311306244648,0.00120311306244648,"north",312.27,0.00146629766883934,0.302078329650623
"251","1988","Arkansas",184.8,184.8,184.8,0.00130377176656841,0.00130377176656841,0.00130377176656841,"south",319,0.00147398314260652,-0.420689655172414
"252","1988","Idaho",168.1,168.1,168.1,0.00277133441153244,0.00277133441153244,0.00277133441153244,"north",319,0.00147398314260652,-0.473040752351097
"253","1988","Minnesota",349.7,349.7,349.7,0.000939560494181415,0.000939560494181415,0.000939560494181415,"north",319,0.00147398314260652,0.0962382445141065
"254","1988","Montana",85.4,85.4,85.4,0.0019079322170217,0.0019079322170217,0.0019079322170217,"north",319,0.00147398314260652,-0.732288401253918
"255","1988","North Dakota",65.6,65.6,65.6,0.00179076934836196,0.00179076934836196,0.00179076934836196,"north",319,0.00147398314260652,-0.79435736677116
"256","1988","Oklahoma",190,190,190,0.000915004729129705,0.000915004729129705,0.000915004729129705,"south",319,0.00147398314260652,-0.404388714733542
"257","1988","South Dakota",94.3,94.3,94.3,0.00214896448625392,0.00214896448625392,0.00214896448625392,"north",319,0.00147398314260652,-0.704388714733542
"258","1988","Tennessee",295.2,295.2,295.2,0.00083862873973873,0.00083862873973873,0.00083862873973873,"south",319,0.00147398314260652,-0.0746081504702195
"259","1988","Texas",1357.7,1357.7,1357.7,0.00104661430640121,0.00104661430640121,0.00104661430640121,"south",319,0.00147398314260652,3.25611285266458
"260","1988","Wisconsin",399.2,399.2,399.2,0.00107725092687566,0.00107725092687566,0.00107725092687566,"north",319,0.00147398314260652,0.25141065830721
"261","1989","Arkansas",188,188,188,0.00124438702024909,0.00124438702024909,0.00124438702024909,"south",323.05,0.00139484342933844,-0.418046741990404
"262","1989","Idaho",173.4,173.4,173.4,0.00257917118467847,0.00257917118467847,0.00257917118467847,"north",323.05,0.00139484342933844,-0.463240984367745
"263","1989","Minnesota",360.2,360.2,360.2,0.000906706861822607,0.000906706861822607,0.000906706861822607,"north",323.05,0.00139484342933844,0.11499767837796
"264","1989","Montana",86.8,86.8,86.8,0.00179483096951889,0.00179483096951889,0.00179483096951889,"north",323.05,0.00139484342933844,-0.731310942578548
"265","1989","North Dakota",65.6,65.6,65.6,0.00162328423063504,0.00162328423063504,0.00162328423063504,"north",323.05,0.00139484342933844,-0.79693545890729
"266","1989","Oklahoma",187.9,187.9,187.9,0.000865091730109796,0.000865091730109796,0.000865091730109796,"south",323.05,0.00139484342933844,-0.418356291595728
"267","1989","South Dakota",97.4,97.4,97.4,0.00210644693873137,0.00210644693873137,0.00210644693873137,"north",323.05,0.00139484342933844,-0.698498684414177
"268","1989","Tennessee",296.1,296.1,296.1,0.000799879194199377,0.000799879194199377,0.000799879194199377,"south",323.05,0.00139484342933844,-0.0834236186348862
"269","1989","Texas",1362,1362,1362,0.000978036474728564,0.000978036474728564,0.000978036474728564,"south",323.05,0.00139484342933844,3.21606562451633
"270","1989","Wisconsin",413.1,413.1,413.1,0.0010505996887112,0.0010505996887112,0.0010505996887112,"north",323.05,0.00139484342933844,0.27874941959449
"271","1990","Arkansas",204.8,204.8,204.8,0.00130730552713202,0.00130730552713202,0.00130730552713202,"south",359.37,0.00146304137227526,-0.4301138102791
"272","1990","Idaho",196.6,196.6,196.6,0.00277577367984853,0.00277577367984853,0.00277577367984853,"north",359.37,0.00146304137227526,-0.452931519047222
"273","1990","Minnesota",390.6,390.6,390.6,0.000942064254281135,0.000942064254281135,0.000942064254281135,"north",359.37,0.00146304137227526,0.0869020786376159
"274","1990","Montana",97.6,97.6,97.6,0.00192817927325817,0.00192817927325817,0.00192817927325817,"north",359.37,0.00146304137227526,-0.728413612711133
"275","1990","North Dakota",67.4,67.4,67.4,0.00154528676074421,0.00154528676074421,0.00154528676074421,"north",359.37,0.00146304137227526,-0.81244956451568
"276","1990","Oklahoma",211.3,211.3,211.3,0.000925271921784965,0.000925271921784965,0.000925271921784965,"south",359.37,0.00146304137227526,-0.412026602109247
"277","1990","South Dakota",111.2,111.2,111.2,0.00222250203362933,0.00222250203362933,0.00222250203362933,"north",359.37,0.00146304137227526,-0.69056960792498
"278","1990","Tennessee",324.7,324.7,324.7,0.000855724844008766,0.000855724844008766,0.000855724844008766,"south",359.37,0.00146304137227526,-0.0964743857305841
"279","1990","Texas",1530,1530,1530,0.00101429230671218,0.00101429230671218,0.00101429230671218,"south",359.37,0.00146304137227526,3.25745053844227
"280","1990","Wisconsin",459.5,459.5,459.5,0.00111401312135324,0.00111401312135324,0.00111401312135324,"north",359.37,0.00146304137227526,0.278626485238055
"281","1991","Arkansas",233.7,233.7,233.7,0.00139055576414223,0.00139055576414223,0.00139055576414223,"south",385.97,0.00145054471027984,-0.394512526880327
"282","1991","Idaho",207.4,207.4,207.4,0.00280153287343528,0.00280153287343528,0.00280153287343528,"north",385.97,0.00145054471027984,-0.462652537762002
"283","1991","Minnesota",389.5,389.5,389.5,0.000911808137776434,0.000911808137776434,0.000911808137776434,"north",385.97,0.00145054471027984,0.0091457885327876
"284","1991","Montana",103.5,103.5,103.5,0.00196350722229178,0.00196350722229178,0.00196350722229178,"north",385.97,0.00145054471027984,-0.731844443868694
"285","1991","North Dakota",52.9,52.9,52.9,0.00119825313267312,0.00119825313267312,0.00119825313267312,"north",385.97,0.00145054471027984,-0.862942715755111
"286","1991","Oklahoma",232,232,232,0.000986961893060977,0.000986961893060977,0.000986961893060977,"south",385.97,0.00145054471027984,-0.398917014275721
"287","1991","South Dakota",119.2,119.2,119.2,0.00221214713747789,0.00221214713747789,0.00221214713747789,"north",385.97,0.00145054471027984,-0.691167707334767
"288","1991","Tennessee",338.9,338.9,338.9,0.000828354002668136,0.000828354002668136,0.000828354002668136,"south",385.97,0.00145054471027984,-0.121952483353629
"289","1991","Texas",1700.6,1700.6,1700.6,0.0010909288489995,0.0010909288489995,0.0010909288489995,"south",385.97,0.00145054471027984,3.4060419203565
"290","1991","Wisconsin",482,482,482,0.00112139809027301,0.00112139809027301,0.00112139809027301,"north",385.97,0.00145054471027984,0.248801720340959
"291","1992","Arkansas",257,257,257,0.00141433297140351,0.00141433297140351,0.00141433297140351,"south",405.62,0.00142605291935969,-0.366402051180908
"292","1992","Idaho",218.7,218.7,218.7,0.00270265260348119,0.00270265260348119,0.00270265260348119,"north",405.62,0.00142605291935969,-0.460825403086633
"293","1992","Minnesota",416.2,416.2,416.2,0.000900961747441502,0.000900961747441502,0.000900961747441502,"north",405.62,0.00142605291935969,0.0260835264533307
"294","1992","Montana",110.8,110.8,110.8,0.00194612329780078,0.00194612329780078,0.00194612329780078,"north",405.62,0.00142605291935969,-0.726837927123909
"295","1992","North Dakota",63.2,63.2,63.2,0.00129287507185481,0.00129287507185481,0.00129287507185481,"north",405.62,0.00142605291935969,-0.844189142547212
"296","1992","Oklahoma",240.7,240.7,240.7,0.000981314259878271,0.000981314259878271,0.000981314259878271,"south",405.62,0.00142605291935969,-0.406587446378384
"297","1992","South Dakota",120.7,120.7,120.7,0.00206639514200261,0.00206639514200261,0.00206639514200261,"north",405.62,0.00142605291935969,-0.702430846605197
"298","1992","Tennessee",359.7,359.7,359.7,0.000794888669179136,0.000794888669179136,0.000794888669179136,"south",405.62,0.00142605291935969,-0.113209407820127
"299","1992","Texas",1761.8,1761.8,1761.8,0.00106873316720997,0.00106873316720997,0.00106873316720997,"south",405.62,0.00142605291935969,3.34347418766333
"300","1992","Wisconsin",507.4,507.4,507.4,0.00109225226334516,0.00109225226334516,0.00109225226334516,"north",405.62,0.00142605291935969,0.250924510625709
"301","1993","Arkansas",251.3,251.3,251.3,0.00130856587324772,0.00130856587324772,0.00130856587324772,"south",396.32,0.0013036620465432,-0.365916431166734
"302","1993","Idaho",212.4,212.4,212.4,0.00231625621457867,0.00231625621457867,0.00231625621457867,"north",396.32,0.0013036620465432,-0.464069438837303
"303","1993","Minnesota",395.4,395.4,395.4,0.000833826269323354,0.000833826269323354,0.000833826269323354,"north",396.32,0.0013036620465432,-0.00232135647961247
"304","1993","Montana",109.2,109.2,109.2,0.00178290080573402,0.00178290080573402,0.00178290080573402,"north",396.32,0.0013036620465432,-0.724465078724263
"305","1993","North Dakota",70.8,70.8,70.8,0.00143939594163534,0.00143939594163534,0.00143939594163534,"north",396.32,0.0013036620465432,-0.821356479612434
"306","1993","Oklahoma",230.4,230.4,230.4,0.000892198490929896,0.000892198490929896,0.000892198490929896,"south",396.32,0.0013036620465432,-0.418651594670973
"307","1993","South Dakota",110.9,110.9,110.9,0.00174219859493019,0.00174219859493019,0.00174219859493019,"north",396.32,0.0013036620465432,-0.72017561566411
"308","1993","Tennessee",360.3,360.3,360.3,0.000743833336739731,0.000743833336739731,0.000743833336739731,"south",396.32,0.0013036620465432,-0.0908861526039564
"309","1993","Texas",1734.2,1734.2,1734.2,0.000986744497072967,0.000986744497072967,0.000986744497072967,"south",396.32,0.0013036620465432,3.37575696406944
"310","1993","Wisconsin",488.3,488.3,488.3,0.000990700441240082,0.000990700441240082,0.000990700441240082,"north",396.32,0.0013036620465432,0.232085183689948
"311","1994","Arkansas",297,297,297,0.00142985479030241,0.00142985479030241,0.00142985479030241,"south",456.84,0.00139729878122562,-0.349881796690307
"312","1994","Idaho",252.8,252.8,252.8,0.00248831633115081,0.00248831633115081,0.00248831633115081,"north",456.84,0.00139729878122562,-0.446633394623938
"313","1994","Minnesota",444.5,444.5,444.5,0.00086362883039787,0.00086362883039787,0.00086362883039787,"north",456.84,0.00139729878122562,-0.027011645214955
"314","1994","Montana",121.6,121.6,121.6,0.00187340641056256,0.00187340641056256,0.00187340641056256,"north",456.84,0.00139729878122562,-0.73382365817354
"315","1994","North Dakota",79.1,79.1,79.1,0.0014667868282172,0.0014667868282172,0.0014667868282172,"north",456.84,0.00139729878122562,-0.826854040802031
"316","1994","Oklahoma",268,268,268,0.00100163887554824,0.00100163887554824,0.00100163887554824,"south",456.84,0.00139729878122562,-0.413361351895631
"317","1994","South Dakota",131.7,131.7,131.7,0.00193312588069516,0.00193312588069516,0.00193312588069516,"north",456.84,0.00139729878122562,-0.711715261360651
"318","1994","Tennessee",436.6,436.6,436.6,0.000831055038266411,0.000831055038266411,0.000831055038266411,"south",456.84,0.00139729878122562,-0.0443043516329569
"319","1994","Texas",1987.5,1987.5,1987.5,0.00105023194669778,0.00105023194669778,0.00105023194669778,"south",456.84,0.00139729878122562,3.35053848174416
"320","1994","Wisconsin",549.6,549.6,549.6,0.00103494288041777,0.00103494288041777,0.00103494288041777,"north",456.84,0.00139729878122562,0.203047018649855
"321","1995","Arkansas",299.6,299.6,299.6,0.00135898716446602,0.00135898716446602,0.00135898716446602,"south",485.67,0.00136727665839931,-0.383120225667634
"322","1995","Idaho",258.2,258.2,258.2,0.00228890766269905,0.00228890766269905,0.00228890766269905,"north",485.67,0.00136727665839931,-0.468363291947207
"323","1995","Minnesota",462.3,462.3,462.3,0.00085052333033513,0.00085052333033513,0.00085052333033513,"north",485.67,0.00136727665839931,-0.0481190932114399
"324","1995","Montana",114.5,114.5,114.5,0.00171253877516834,0.00171253877516834,0.00171253877516834,"north",485.67,0.00136727665839931,-0.764243210410361
"325","1995","North Dakota",82.3,82.3,82.3,0.00146248191889001,0.00146248191889001,0.00146248191889001,"north",485.67,0.00136727665839931,-0.830543373072251
"326","1995","Oklahoma",283.8,283.8,283.8,0.00102194627832228,0.00102194627832228,0.00102194627832228,"south",485.67,0.00136727665839931,-0.415652603619742
"327","1995","South Dakota",145.4,145.4,145.4,0.00202659099240237,0.00202659099240237,0.00202659099240237,"north",485.67,0.00136727665839931,-0.7006197623901
"328","1995","Tennessee",477.4,477.4,477.4,0.000862180905925661,0.000862180905925661,0.000862180905925661,"south",485.67,0.00136727665839931,-0.0170280231432867
"329","1995","Texas",2169,2169,2169,0.00107345346608919,0.00107345346608919,0.00107345346608919,"south",485.67,0.00136727665839931,3.465995428995
"330","1995","Wisconsin",564.2,564.2,564.2,0.00101515608969503,0.00101515608969503,0.00101515608969503,"north",485.67,0.00136727665839931,0.161694154467025
"331","1996","Arkansas",313.4,313.4,313.4,0.00134230257573045,0.00134230257573045,0.00134230257573045,"south",510.66,0.00132884086849799,-0.386284416245643
"332","1996","Idaho",274.3,274.3,274.3,0.00236997126312643,0.00236997126312643,0.00236997126312643,"north",510.66,0.00132884086849799,-0.46285199545686
"333","1996","Minnesota",493.5,493.5,493.5,0.000840893565707355,0.000840893565707355,0.000840893565707355,"north",510.66,0.00132884086849799,-0.0336035718481964
"334","1996","Montana",116.1,116.1,116.1,0.00168287941973274,0.00168287941973274,0.00168287941973274,"north",510.66,0.00132884086849799,-0.772647162495594
"335","1996","North Dakota",82.5,82.5,82.5,0.00131553979388282,0.00131553979388282,0.00131553979388282,"north",510.66,0.00132884086849799,-0.83844436611444
"336","1996","Oklahoma",287.3,287.3,287.3,0.00095787580288363,0.00095787580288363,0.00095787580288363,"south",510.66,0.00132884086849799,-0.437394744056711
"337","1996","South Dakota",140.4,140.4,140.4,0.00182915866518319,0.00182915866518319,0.00182915866518319,"north",510.66,0.00132884086849799,-0.725061684878393
"338","1996","Tennessee",519.7,519.7,519.7,0.000903054485793269,0.000903054485793269,0.000903054485793269,"south",510.66,0.00132884086849799,0.0177025809736421
"339","1996","Texas",2288.6,2288.6,2288.6,0.0010435454280367,0.0010435454280367,0.0010435454280367,"south",510.66,0.00132884086849799,3.48165119649082
"340","1996","Wisconsin",590.8,590.8,590.8,0.0010031876849033,0.0010031876849033,0.0010031876849033,"north",510.66,0.00132884086849799,0.156934163631379
"341","1997","Arkansas",331.6,331.6,331.6,0.00136871180939078,0.00136871180939078,0.00136871180939078,"south",550.67,0.00134625815269519,-0.397824468374889
"342","1997","Idaho",293.3,293.3,293.3,0.00241202046393359,0.00241202046393359,0.00241202046393359,"north",550.67,0.00134625815269519,-0.467376105471516
"343","1997","Minnesota",515.6,515.6,515.6,0.000814679912641538,0.000814679912641538,0.000814679912641538,"north",550.67,0.00134625815269519,-0.0636860551691575
"344","1997","Montana",119.3,119.3,119.3,0.0016540131655566,0.0016540131655566,0.0016540131655566,"north",550.67,0.00134625815269519,-0.783354822307371
"345","1997","North Dakota",90.3,90.3,90.3,0.00143711774339093,0.00143711774339093,0.00143711774339093,"north",550.67,0.00134625815269519,-0.836017941780013
"346","1997","Oklahoma",308.3,308.3,308.3,0.000963813387221016,0.000963813387221016,0.000963813387221016,"south",550.67,0.00134625815269519,-0.440136560916701
"347","1997","South Dakota",144.5,144.5,144.5,0.00185447801898113,0.00185447801898113,0.00185447801898113,"north",550.67,0.00134625815269519,-0.737592387455282
"348","1997","Tennessee",567.3,567.3,567.3,0.00092193323532748,0.00092193323532748,0.00092193323532748,"south",550.67,0.00134625815269519,0.0301995750631049
"349","1997","Texas",2517.5,2517.5,2517.5,0.00103825080947477,0.00103825080947477,0.00103825080947477,"south",550.67,0.00134625815269519,3.57170356111646
"350","1997","Wisconsin",619,619,619,0.000997562981034055,0.000997562981034055,0.000997562981034055,"north",550.67,0.00134625815269519,0.124085205295368
"351","2001","Arkansas",2320961,2320961,2320961,0.00693297952020789,0.00693297952020789,0.00693297952020789,"south",2250125.2,0.00626778373618094,0.0314808260447018
"352","2001","Idaho",1933302,1933302,1933302,0.0111667160330154,0.0111667160330154,0.0111667160330154,"north",2250125.2,0.00626778373618094,-0.140802476235545
"353","2001","Minnesota",2160097,2160097,2160097,0.00233176288778586,0.00233176288778586,0.00233176288778586,"north",2250125.2,0.00626778373618094,-0.0400103069820293
"354","2001","Montana",708336,708336,708336,0.00697571783756292,0.00697571783756292,0.00697571783756292,"north",2250125.2,0.00626778373618094,-0.68520151678671
"355","2001","North Dakota",930234,930234,930234,0.0108241591988283,0.0108241591988283,0.0108241591988283,"north",2250125.2,0.00626778373618094,-0.586585670877336
"356","2001","Oklahoma",1453715,1453715,1453715,0.00329271429258187,0.00329271429258187,0.00329271429258187,"south",2250125.2,0.00626778373618094,-0.353940394072294
"357","2001","South Dakota",1464358,1464358,1464358,0.0134884237054627,0.0134884237054627,0.0134884237054627,"north",2250125.2,0.00626778373618094,-0.349210435046014
"358","2001","Tennessee",2493216,2493216,2493216,0.00281354264716471,0.00281354264716471,0.00281354264716471,"south",2250125.2,0.00626778373618094,0.1080343440445
"359","2001","Texas",6182717,6182717,6182717,0.00169591866512859,0.00169591866512859,0.00169591866512859,"south",2250125.2,0.00626778373618094,1.7477213267955
"360","2001","Wisconsin",2854316,2854316,2854316,0.00315590257407109,0.00315590257407109,0.00315590257407109,"north",2250125.2,0.00626778373618094,0.268514303115222
"361","2002","Arkansas",1930258,1930258,1930258,0.00550427505241052,0.00550427505241052,0.00550427505241052,"south",2288829.7,0.00591155302800204,-0.15666158998199
"362","2002","Idaho",1959440,1959440,1959440,0.0109625374651085,0.0109625374651085,0.0109625374651085,"north",2288829.7,0.00591155302800204,-0.143911842807702
"363","2002","Minnesota",2588455,2588455,2588455,0.00269400779605602,0.00269400779605602,0.00269400779605602,"north",2288829.7,0.00591155302800204,0.130907642451511
"364","2002","Montana",756866,756866,756866,0.00713959308792575,0.00713959308792575,0.00713959308792575,"north",2288829.7,0.00591155302800204,-0.669321837269064
"365","2002","North Dakota",1169321,1169321,1169321,0.0127703744864448,0.0127703744864448,0.0127703744864448,"north",2288829.7,0.00591155302800204,-0.489118390940139
"366","2002","Oklahoma",1683263,1683263,1683263,0.00374636588623162,0.00374636588623162,0.00374636588623162,"south",2288829.7,0.00591155302800204,-0.264574817427439
"367","2002","South Dakota",1136994,1136994,1136994,0.00927050182909923,0.00927050182909923,0.00927050182909923,"north",2288829.7,0.00591155302800204,-0.503242202772884
"368","2002","Tennessee",2159892,2159892,2159892,0.00232993765838691,0.00232993765838691,0.00232993765838691,"south",2288829.7,0.00591155302800204,-0.0563334615939317
"369","2002","Texas",6841356,6841356,6841356,0.00185048972788274,0.00185048972788274,0.00185048972788274,"south",2288829.7,0.00591155302800204,1.98901923546343
"370","2002","Wisconsin",2662452,2662452,2662452,0.00284744729047431,0.00284744729047431,0.00284744729047431,"north",2288829.7,0.00591155302800204,0.163237264878204
"371","2003","Arkansas",2664342,2664342,2664342,0.00718678500465867,0.00718678500465867,0.00718678500465867,"south",2751943.9,0.00722780991219466,-0.0318327346716624
"372","2003","Idaho",1802764,1802764,1802764,0.00968798784336382,0.00968798784336382,0.00968798784336382,"north",2751943.9,0.00722780991219466,-0.344912518020444
"373","2003","Minnesota",3240802,3240802,3240802,0.00317579458680875,0.00317579458680875,0.00317579458680875,"north",2751943.9,0.00722780991219466,0.17764101223139
"374","2003","Montana",873330,873330,873330,0.00765680075064756,0.00765680075064756,0.00765680075064756,"north",2751943.9,0.00722780991219466,-0.682649780760429
"375","2003","North Dakota",1806856,1806856,1806856,0.0180238241475129,0.0180238241475129,0.0180238241475129,"north",2751943.9,0.00722780991219466,-0.343425569104079
"376","2003","Oklahoma",1765056,1765056,1765056,0.00369167608483054,0.00369167608483054,0.00369167608483054,"south",2751943.9,0.00722780991219466,-0.35861483222823
"377","2003","South Dakota",1946534,1946534,1946534,0.0154483437795725,0.0154483437795725,0.0154483437795725,"north",2751943.9,0.00722780991219466,-0.29266944722238
"378","2003","Tennessee",2079655,2079655,2079655,0.00215055070619737,0.00215055070619737,0.00215055070619737,"south",2751943.9,0.00722780991219466,-0.244296004725968
"379","2003","Texas",8302875,8302875,8302875,0.00213304069270005,0.00213304069270005,0.00213304069270005,"south",2751943.9,0.00722780991219466,2.01709457085953
"380","2003","Wisconsin",3037225,3037225,3037225,0.00312329552565448,0.00312329552565448,0.00312329552565448,"north",2751943.9,0.00722780991219466,0.103665303642273
"381","2004","Arkansas",3810402,3810402,3810402,0.00951618791022805,0.00951618791022805,0.00951618791022805,"south",3394881.5,0.00828984031253574,0.12239617200188
"382","2004","Idaho",2529069,2529069,2529069,0.0125028782654851,0.0125028782654851,0.0125028782654851,"north",3394881.5,0.00828984031253574,-0.255034674995283
"383","2004","Minnesota",4263562,4263562,4263562,0.00389254365287734,0.00389254365287734,0.00389254365287734,"north",3394881.5,0.00828984031253574,0.255879476205576
"384","2004","Montana",1206647,1206647,1206647,0.00967918365675182,0.00967918365675182,0.00967918365675182,"north",3394881.5,0.00828984031253574,-0.644568742679236
"385","2004","North Dakota",1595393,1595393,1595393,0.0151901868486872,0.0151901868486872,0.0151901868486872,"north",3394881.5,0.00828984031253574,-0.530059296620515
"386","2004","Oklahoma",2455205,2455205,2455205,0.00477718877547769,0.00477718877547769,0.00477718877547769,"south",3394881.5,0.00828984031253574,-0.276792135454507
"387","2004","South Dakota",2619609,2619609,2619609,0.0194319220682609,0.0194319220682609,0.0194319220682609,"north",3394881.5,0.00828984031253574,-0.228365113774958
"388","2004","Tennessee",2024044,2024044,2024044,0.0019469935394339,0.0019469935394339,0.0019469935394339,"south",3394881.5,0.00828984031253574,-0.403795390207287
"389","2004","Texas",9603828,9603828,9603828,0.00223255589593205,0.00223255589593205,0.00223255589593205,"south",3394881.5,0.00828984031253574,1.82891405782499
"390","2004","Wisconsin",3841056,3841056,3841056,0.00372876251222334,0.00372876251222334,0.00372876251222334,"north",3394881.5,0.00828984031253574,0.131425647699338
"391","2005","Arkansas",2863354,2863354,2863354,0.00676466014930937,0.00676466014930937,0.00676466014930937,"south",2933534.9,0.00658376823088885,-0.0239236628819381
"392","2005","Idaho",2212004,2212004,2212004,0.00997311483943422,0.00997311483943422,0.00997311483943422,"north",2933534.9,0.00658376823088885,-0.2459595418483
"393","2005","Minnesota",4153889,4153889,4153889,0.00359011204313106,0.00359011204313106,0.00359011204313106,"north",2933534.9,0.00658376823088885,0.416001220916104
"394","2005","Montana",1189118,1189118,1189118,0.00867586370177106,0.00867586370177106,0.00867586370177106,"north",2933534.9,0.00658376823088885,-0.594646717855649
"395","2005","North Dakota",1444413,1444413,1444413,0.0129420358990423,0.0129420358990423,0.0129420358990423,"north",2933534.9,0.00658376823088885,-0.507620311590634
"396","2005","Oklahoma",2311954,2311954,2311954,0.00407144129719997,0.00407144129719997,0.00407144129719997,"south",2933534.9,0.00658376823088885,-0.211888019467571
"397","2005","South Dakota",1896987,1896987,1896987,0.0133578256178206,0.0133578256178206,0.0133578256178206,"north",2933534.9,0.00658376823088885,-0.353344321896426
"398","2005","Tennessee",1743969,1743969,1743969,0.001612001046455,0.001612001046455,0.001612001046455,"south",2933534.9,0.00658376823088885,-0.405505964834439
"399","2005","Texas",8163075,8163075,8163075,0.00174560612671011,0.00174560612671011,0.00174560612671011,"south",2933534.9,0.00658376823088885,1.78267526321231
"400","2005","Wisconsin",3356586,3356586,3356586,0.00310502158801488,0.00310502158801488,0.00310502158801488,"north",2933534.9,0.00658376823088885,0.144212056246544
"401","2006","Arkansas",2722375,2722375,2722375,0.00610656827991006,0.00610656827991006,0.00610656827991006,"south",2774777.8,0.00572678374978887,-0.0188854040853289
"402","2006","Idaho",2279277,2279277,2279277,0.00973789765089017,0.00973789765089017,0.00973789765089017,"north",2774777.8,0.00572678374978887,-0.178573145568629
"403","2006","Minnesota",4438794,4438794,4438794,0.00373072706591396,0.00373072706591396,0.00373072706591396,"north",2774777.8,0.00572678374978887,0.599693496178325
"404","2006","Montana",916467,916467,916467,0.00618023959315039,0.00618023959315039,0.00618023959315039,"north",2774777.8,0.00572678374978887,-0.669715175031312
"405","2006","North Dakota",1533955,1533955,1533955,0.0128047650616461,0.0128047650616461,0.0128047650616461,"north",2774777.8,0.00572678374978887,-0.447179157913113
"406","2006","Oklahoma",1816142,1816142,1816142,0.00289029068060635,0.00289029068060635,0.00289029068060635,"south",2774777.8,0.00572678374978887,-0.345482005802411
"407","2006","South Dakota",1426636,1426636,1426636,0.00963684786890229,0.00963684786890229,0.00963684786890229,"north",2774777.8,0.00572678374978887,-0.485855768342964
"408","2006","Tennessee",2123304,2123304,2123304,0.0018646402963017,0.0018646402963017,0.0018646402963017,"south",2774777.8,0.00572678374978887,-0.234784132985351
"409","2006","Texas",7179554,7179554,7179554,0.00139129988339198,0.00139129988339198,0.00139129988339198,"south",2774777.8,0.00572678374978887,1.58743384785621
"410","2006","Wisconsin",3311274,3311274,3311274,0.00292456111717568,0.00292456111717568,0.00292456111717568,"north",2774777.8,0.00572678374978887,0.193347445694571
"411","2007","Arkansas",3039372,3039372,3039372,0.0066712622723526,0.0066712622723526,0.0066712622723526,"south",3308909.6,0.00745193525022264,-0.0814581335192718
"412","2007","Idaho",2898784,2898784,2898784,0.0117367107304418,0.0117367107304418,0.0117367107304418,"north",3308909.6,0.00745193525022264,-0.123945846087787
"413","2007","Minnesota",4764555,4764555,4764555,0.00386744829320081,0.00386744829320081,0.00386744829320081,"north",3308909.6,0.00745193525022264,0.439916944240483
"414","2007","Montana",1252184,1252184,1252184,0.00767342242052422,0.00767342242052422,0.00767342242052422,"north",3308909.6,0.00745193525022264,-0.621572012725884
"415","2007","North Dakota",2502236,2502236,2502236,0.018906601523272,0.018906601523272,0.018906601523272,"north",3308909.6,0.00745193525022264,-0.243788346469181
"416","2007","Oklahoma",1862759,1862759,1862759,0.00281098404148049,0.00281098404148049,0.00281098404148049,"south",3308909.6,0.00745193525022264,-0.437047479326724
"417","2007","South Dakota",2643908,2643908,2643908,0.0162311909848828,0.0162311909848828,0.0162311909848828,"north",3308909.6,0.00745193525022264,-0.200973033533464
"418","2007","Tennessee",1728805,1728805,1728805,0.00149036036188631,0.00149036036188631,0.00149036036188631,"south",3308909.6,0.00745193525022264,-0.477530301825109
"419","2007","Texas",8089931,8089931,8089931,0.00144162492357539,0.00144162492357539,0.00144162492357539,"south",3308909.6,0.00745193525022264,1.44489332679261
"420","2007","Wisconsin",4306562,4306562,4306562,0.00368974695061006,0.00368974695061006,0.00368974695061006,"north",3308909.6,0.00745193525022264,0.301504882454329
"421","2008","Arkansas",3003020,3003020,3003020,0.00647774895326918,0.00647774895326918,0.00647774895326918,"south",3448749.7,0.00818590630485309,-0.129243853214398
"422","2008","Idaho",2978097,2978097,2978097,0.0116255129819862,0.0116255129819862,0.0116255129819862,"north",3448749.7,0.00818590630485309,-0.136470530175037
"423","2008","Minnesota",6460907,6460907,6460907,0.00513371538599588,0.00513371538599588,0.00513371538599588,"north",3448749.7,0.00818590630485309,0.873405599716326
"424","2008","Montana",1396403,1396403,1396403,0.00842831153089828,0.00842831153089828,0.00842831153089828,"north",3448749.7,0.00818590630485309,-0.595098768692898
"425","2008","North Dakota",3260984,3260984,3260984,0.022007276906142,0.022007276906142,0.022007276906142,"north",3448749.7,0.00818590630485309,-0.0544445716080817
"426","2008","Oklahoma",2056750,2056750,2056750,0.00279567310245182,0.00279567310245182,0.00279567310245182,"south",3448749.7,0.00818590630485309,-0.403624449753486
"427","2008","South Dakota",3316284,3316284,3316284,0.0194415762367837,0.0194415762367837,0.0194415762367837,"north",3448749.7,0.00818590630485309,-0.0384097749975883
"428","2008","Tennessee",1932906,1932906,1932906,0.00162637914602937,0.00162637914602937,0.00162637914602937,"south",3448749.7,0.00818590630485309,-0.439534275276631
"429","2008","Texas",6299922,6299922,6299922,0.00107505352951905,0.00107505352951905,0.00107505352951905,"south",3448749.7,0.00818590630485309,0.826726364050137
"430","2008","Wisconsin",3782224,3782224,3782224,0.0032478152754553,0.0032478152754553,0.0032478152754553,"north",3448749.7,0.00818590630485309,0.0966942599516572
"431","2009","Arkansas",2277224,2277224,2277224,0.00505423725133748,0.00505423725133748,0.00505423725133748,"south",2685261.6,0.00665933751970332,-0.151954506033975
"432","2009","Idaho",2194110,2194110,2194110,0.00887062352594427,0.00887062352594427,0.00887062352594427,"north",2685261.6,0.00665933751970332,-0.182906425206393
"433","2009","Minnesota",4493343,4493343,4493343,0.00363573295329411,0.00363573295329411,0.00363573295329411,"north",2685261.6,0.00665933751970332,0.673335290684528
"434","2009","Montana",1214809,1214809,1214809,0.0075548352879314,0.0075548352879314,0.0075548352879314,"north",2685261.6,0.00665933751970332,-0.547601246746313
"435","2009","North Dakota",2589655,2589655,2589655,0.0175031161725061,0.0175031161725061,0.0175031161725061,"north",2685261.6,0.00665933751970332,-0.0356042033297613
"436","2009","Oklahoma",1337603,1337603,1337603,0.00202784306575904,0.00202784306575904,0.00202784306575904,"south",2685261.6,0.00665933751970332,-0.501872368785224
"437","2009","South Dakota",2915347,2915347,2915347,0.0172510158559032,0.0172510158559032,0.0172510158559032,"north",2685261.6,0.00665933751970332,0.0856845381470468
"438","2009","Tennessee",1522785,1522785,1522785,0.00129422191315009,0.00129422191315009,0.00129422191315009,"south",2685261.6,0.00665933751970332,-0.432910000277068
"439","2009","Texas",5523908,5523908,5523908,0.00101079624823996,0.00101079624823996,0.00101079624823996,"south",2685261.6,0.00665933751970332,1.05712098962723
"440","2009","Wisconsin",2783832,2783832,2783832,0.00239095292296754,0.00239095292296754,0.00239095292296754,"north",2685261.6,0.00665933751970332,0.0367079319199291
"441","2010","Arkansas",2128591,2128591,2128591,0.00452646780733074,0.00452646780733074,0.00452646780733074,"south",3333311.4,0.0069103584157086,-0.361418498133718
"442","2010","Idaho",2643963,2643963,2643963,0.0103564832502202,0.0103564832502202,0.0103564832502202,"north",3333311.4,0.0069103584157086,-0.206805880782696
"443","2010","Minnesota",5440699,5440699,5440699,0.00419512205518138,0.00419512205518138,0.00419512205518138,"north",3333311.4,0.0069103584157086,0.632220440010495
"444","2010","Montana",1438887,1438887,1438887,0.00840832327391382,0.00840832327391382,0.00840832327391382,"north",3333311.4,0.0069103584157086,-0.568331059618372
"445","2010","North Dakota",2751077,2751077,2751077,0.0168081605141611,0.0168081605141611,0.0168081605141611,"north",3333311.4,0.0069103584157086,-0.174671469338268
"446","2010","Oklahoma",2094898,2094898,2094898,0.00302852321370392,0.00302852321370392,0.00302852321370392,"south",3333311.4,0.0069103584157086,-0.371526464644137
"447","2010","South Dakota",2822913,2822913,2822913,0.0161237622510599,0.0161237622510599,0.0161237622510599,"north",3333311.4,0.0069103584157086,-0.153120527533071
"448","2010","Tennessee",1215813,1215813,1215813,0.00100753386788718,0.00100753386788718,0.00100753386788718,"south",3333311.4,0.0069103584157086,-0.635253699969346
"449","2010","Texas",9038345,9038345,9038345,0.00154659261666295,0.00154659261666295,0.00154659261666295,"south",3333311.4,0.0069103584157086,1.71152134181043
"450","2010","Wisconsin",3757928,3757928,3757928,0.00310261530696481,0.00310261530696481,0.00310261530696481,"north",3333311.4,0.0069103584157086,0.127385818198684
"451","2011","Arkansas",2264870,2264870,2264870,0.00461651531811115,0.00461651531811115,0.00461651531811115,"south",4037597,0.00833221001080564,-0.439054962642384
"452","2011","Idaho",3438367,3438367,3438367,0.0131247026095884,0.0131247026095884,0.0131247026095884,"north",4037597,0.00833221001080564,-0.148412533494551
"453","2011","Minnesota",6976266,6976266,6976266,0.0051143777738485,0.0051143777738485,0.0051143777738485,"north",4037597,0.00833221001080564,0.727826229314119
"454","2011","Montana",1642992,1642992,1642992,0.00893327611151551,0.00893327611151551,0.00893327611151551,"north",4037597,0.00833221001080564,-0.593076773140063
"455","2011","North Dakota",3046553,3046553,3046553,0.015886249528179,0.015886249528179,0.015886249528179,"north",4037597,0.00833221001080564,-0.245453917268118
"456","2011","Oklahoma",2724721,2724721,2724721,0.00362538919078619,0.00362538919078619,0.00362538919078619,"south",4037597,0.00833221001080564,-0.325162714357079
"457","2011","South Dakota",4923889,4923889,4923889,0.0252187282308147,0.0252187282308147,0.0252187282308147,"north",4037597,0.00833221001080564,0.219509772768307
"458","2011","Tennessee",1706478,1706478,1706478,0.0013518478249655,0.0013518478249655,0.0013518478249655,"south",4037597,0.00833221001080564,-0.577353064211213
"459","2011","Texas",8464534,8464534,8464534,0.00133591949769101,0.00133591949769101,0.00133591949769101,"south",4037597,0.00833221001080564,1.09642864307656
"460","2011","Wisconsin",5187300,5187300,5187300,0.00411509402255641,0.00411509402255641,0.00411509402255641,"north",4037597,0.00833221001080564,0.284749319954418
"461","2012","Arkansas",2573470,2573470,2573470,0.00512428230936388,0.00512428230936388,0.00512428230936388,"south",4341433.9,0.00850341568332854,-0.407230408368074
"462","2012","Idaho",3444585,3444585,3444585,0.0128675669701857,0.0128675669701857,0.0128675669701857,"north",4341433.9,0.00850341568332854,-0.206578960006739
"463","2012","Minnesota",8746509,8746509,8746509,0.00616972436534874,0.00616972436534874,0.00616972436534874,"north",4341433.9,0.00850341568332854,1.01465902774657
"464","2012","Montana",1834390,1834390,1834390,0.00962710018704985,0.00962710018704985,0.00962710018704985,"north",4341433.9,0.00850341568332854,-0.577469093794103
"465","2012","North Dakota",4959312,4959312,4959312,0.0204825259753324,0.0204825259753324,0.0204825259753324,"north",4341433.9,0.00850341568332854,0.142321204061174
"466","2012","Oklahoma",3057465,3057465,3057465,0.00384935432105154,0.00384935432105154,0.00384935432105154,"south",4341433.9,0.00850341568332854,-0.295747656091228
"467","2012","South Dakota",4278571,4278571,4278571,0.0209097334139487,0.0209097334139487,0.0209097334139487,"north",4341433.9,0.00850341568332854,-0.0144797551795043
"468","2012","Tennessee",1356577,1356577,1356577,0.00101201397707353,0.00101201397707353,0.00101201397707353,"south",4341433.9,0.00850341568332854,-0.68752789257024
"469","2012","Texas",8217611,8217611,8217611,0.00122422499189865,0.00122422499189865,0.00122422499189865,"south",4341433.9,0.00850341568332854,0.892833379312766
"470","2012","Wisconsin",4945849,4945849,4945849,0.00376763032203239,0.00376763032203239,0.00376763032203239,"north",4341433.9,0.00850341568332854,0.139220154889379
"471","2013","Arkansas",3874709,3874709,3874709,0.0073376716022069,0.0073376716022069,0.0073376716022069,"south",4893773.9,0.00875160000492025,-0.208237021330307
"472","2013","Idaho",3798957,3798957,3798957,0.0134035551619536,0.0134035551619536,0.0134035551619536,"north",4893773.9,0.00875160000492025,-0.223716281620612
"473","2013","Minnesota",8742926,8742926,8742926,0.00591686698630886,0.00591686698630886,0.00591686698630886,"north",4893773.9,0.00875160000492025,0.786540649129703
"474","2013","Montana",2141015,2141015,2141015,0.010925310523241,0.010925310523241,0.010925310523241,"north",4893773.9,0.00875160000492025,-0.562502264356758
"475","2013","North Dakota",3565063,3565063,3565063,0.0141082783033141,0.0141082783033141,0.0141082783033141,"north",4893773.9,0.00875160000492025,-0.271510479877299
"476","2013","Oklahoma",3064100,3064100,3064100,0.00367439628647315,0.00367439628647315,0.00367439628647315,"south",4893773.9,0.00875160000492025,-0.373877898200405
"477","2013","South Dakota",5324504,5324504,5324504,0.0250968391058055,0.0250968391058055,0.0250968391058055,"north",4893773.9,0.00875160000492025,0.0880159379655851
"478","2013","Tennessee",2102981,2102981,2102981,0.00151349964313292,0.00151349964313292,0.00151349964313292,"south",4893773.9,0.00875160000492025,-0.570274180423415
"479","2013","Texas",10897155,10897155,10897155,0.00152195152612668,0.00152195152612668,0.00152195152612668,"south",4893773.9,0.00875160000492025,1.22673855038542
"480","2013","Wisconsin",5426329,5426329,5426329,0.00401763091063986,0.00401763091063986,0.00401763091063986,"north",4893773.9,0.00875160000492025,0.108822988328088
"481","2014","Arkansas",3379540,3379540,3379540,0.0061984565099741,0.0061984565099741,0.0061984565099741,"south",4529798.3,0.00757571695342948,-0.253931460921781
"482","2014","Idaho",3990273,3990273,3990273,0.0134783076211278,0.0134783076211278,0.0134783076211278,"north",4529798.3,0.00757571695342948,-0.119105810958514
"483","2014","Minnesota",7364424,7364424,7364424,0.0047607401094185,0.0047607401094185,0.0047607401094185,"north",4529798.3,0.00757571695342948,0.625773050424784
"484","2014","Montana",2084399,2084399,2084399,0.0102756546243157,0.0102756546243157,0.0102756546243157,"north",4529798.3,0.00757571695342948,-0.539847281941891
"485","2014","North Dakota",3012962,3012962,3012962,0.0109130469327352,0.0109130469327352,0.0109130469327352,"north",4529798.3,0.00757571695342948,-0.334857359984439
"486","2014","Oklahoma",3424133,3424133,3424133,0.00384187185134422,0.00384187185134422,0.00384187185134422,"south",4529798.3,0.00757571695342948,-0.244087093237683
"487","2014","South Dakota",4312597,4312597,4312597,0.0197267134256182,0.0197267134256182,0.0197267134256182,"north",4529798.3,0.00757571695342948,-0.0479494418106872
"488","2014","Tennessee",1627870,1627870,1627870,0.00113153364591527,0.00113153364591527,0.00113153364591527,"south",4529798.3,0.00757571695342948,-0.640630798064452
"489","2014","Texas",10425485,10425485,10425485,0.0013991570764287,0.0013991570764287,0.0013991570764287,"south",4529798.3,0.00757571695342948,1.30153404402134
"490","2014","Wisconsin",5676300,5676300,5676300,0.00403168773741708,0.00403168773741708,0.00403168773741708,"north",4529798.3,0.00757571695342948,0.253102152473323
"491","2015","Arkansas",2823773,2823773,2823773,0.00511247470420626,0.00511247470420626,0.00511247470420626,"south",4345579.2,0.00671383820417558,-0.350196401897358
"492","2015","Idaho",3617659,3617659,3617659,0.0118442200482556,0.0118442200482556,0.0118442200482556,"north",4345579.2,0.00671383820417558,-0.167508211563605
"493","2015","Minnesota",6259821,6259821,6259821,0.00392717662282851,0.00392717662282851,0.00392717662282851,"north",4345579.2,0.00671383820417558,0.440503259036218
"494","2015","Montana",2004935,2004935,2004935,0.00951851578692275,0.00951851578692275,0.00951851578692275,"north",4345579.2,0.00671383820417558,-0.538626519567288
"495","2015","North Dakota",2603302,2603302,2603302,0.0101366678611206,0.0101366678611206,0.0101366678611206,"north",4345579.2,0.00671383820417558,-0.400930950700427
"496","2015","Oklahoma",3094162,3094162,3094162,0.00367913313032177,0.00367913313032177,0.00367913313032177,"south",4345579.2,0.00671383820417558,-0.287974776757032
"497","2015","South Dakota",3725638,3725638,3725638,0.0165933548585111,0.0165933548585111,0.0165933548585111,"north",4345579.2,0.00671383820417558,-0.14266020050906
"498","2015","Tennessee",1659145,1659145,1659145,0.00107894900419288,0.00107894900419288,0.00107894900419288,"south",4345579.2,0.00671383820417558,-0.618199341528513
"499","2015","Texas",12409729,12409729,12409729,0.00167405385501292,0.00167405385501292,0.00167405385501292,"south",4345579.2,0.00671383820417558,1.85571345702317
"500","2015","Wisconsin",5257628,5257628,5257628,0.00357383617038342,0.00357383617038342,0.00357383617038342,"north",4345579.2,0.00671383820417558,0.209879686463889
"501","2016","Arkansas",2420040,2420040,2420040,0.004331215860762,0.004331215860762,0.004331215860762,"south",3613706,0.00607559479354577,-0.330316301326118
"502","2016","Idaho",3462462,3462462,3462462,0.0108406052546188,0.0108406052546188,0.0108406052546188,"north",3613706,0.00607559479354577,-0.0418528790111869
"503","2016","Minnesota",5024074,5024074,5024074,0.00307376066090177,0.00307376066090177,0.00307376066090177,"north",3613706,0.00607559479354577,0.390282994798138
"504","2016","Montana",1812184,1812184,1812184,0.00880231036603503,0.00880231036603503,0.00880231036603503,"north",3613706,0.00607559479354577,-0.498524783145059
"505","2016","North Dakota",2781126,2781126,2781126,0.011830186703664,0.011830186703664,0.011830186703664,"north",3613706,0.00607559479354577,-0.230395057041165
"506","2016","Oklahoma",2433304,2433304,2433304,0.00301638428126641,0.00301638428126641,0.00301638428126641,"south",3613706,0.00607559479354577,-0.32664583117719
"507","2016","South Dakota",3179851,3179851,3179851,0.0138477034077664,0.0138477034077664,0.0138477034077664,"north",3613706,0.00607559479354577,-0.120058189570485
"508","2016","Tennessee",1316720,1316720,1316720,0.000828025969455603,0.000828025969455603,0.000828025969455603,"south",3613706,0.00607559479354577,-0.635631675626075
"509","2016","Texas",9305577,9305577,9305577,0.0012587751052589,0.0012587751052589,0.0012587751052589,"south",3613706,0.00607559479354577,1.57507860351672
"510","2016","Wisconsin",4401722,4401722,4401722,0.00292698032572882,0.00292698032572882,0.00292698032572882,"north",3613706,0.00607559479354577,0.218063118582419
"511","2017","Arkansas",2996231,2996231,2996231,0.00519084841514272,0.00519084841514272,0.00519084841514272,"south",3867602.6,0.0058810990077773,-0.225300189838532
"512","2017","Idaho",3228123,3228123,3228123,0.0095157248628042,0.0095157248628042,0.0095157248628042,"north",3867602.6,0.0058810990077773,-0.165342633702853
"513","2017","Minnesota",5655271,5655271,5655271,0.00334161639076911,0.00334161639076911,0.00334161639076911,"north",3867602.6,0.0058810990077773,0.462216154265694
"514","2017","Montana",1399326,1399326,1399326,0.00645081282534585,0.00645081282534585,0.00645081282534585,"north",3867602.6,0.0058810990077773,-0.638192920854899
"515","2017","North Dakota",2949076,2949076,2949076,0.0120633854724724,0.0120633854724724,0.0120633854724724,"north",3867602.6,0.0058810990077773,-0.237492497290182
"516","2017","Oklahoma",2777234,2777234,2777234,0.00329206143399805,0.00329206143399805,0.00329206143399805,"south",3867602.6,0.0058810990077773,-0.281923639207399
"517","2017","South Dakota",3256850,3256850,3256850,0.0137451819219785,0.0137451819219785,0.0137451819219785,"north",3867602.6,0.0058810990077773,-0.157915035014197
"518","2017","Tennessee",1443032,1443032,1443032,0.000876726958652673,0.000876726958652673,0.000876726958652673,"south",3867602.6,0.0058810990077773,-0.626892380308153
"519","2017","Texas",10315168,10315168,10315168,0.00130930797815366,0.00130930797815366,0.00130930797815366,"south",3867602.6,0.0058810990077773,1.66707029310612
"520","2017","Wisconsin",4655715,4655715,4655715,0.00302532381845578,0.00302532381845578,0.00302532381845578,"north",3867602.6,0.0058810990077773,0.203772848844398
"521","2018","Arkansas",2916709,2916709,2916709,0.00485578782517854,0.00485578782517854,0.00485578782517854,"south",3996212.5,0.00606703817319151,-0.270131655911691
"522","2018","Idaho",3604101,3604101,3604101,0.00981684692982236,0.00981684692982236,0.00981684692982236,"north",3996212.5,0.00606703817319151,-0.0981207831165135
"523","2018","Minnesota",5540972,5540972,5540972,0.00311020099069063,0.00311020099069063,0.00311020099069063,"north",3996212.5,0.00606703817319151,0.386555895113185
"524","2018","Montana",1805438,1805438,1805438,0.00782374515785954,0.00782374515785954,0.00782374515785954,"north",3996212.5,0.00606703817319151,-0.548212713913487
"525","2018","North Dakota",3232241,3232241,3232241,0.0123099585703663,0.0123099585703663,0.0123099585703663,"north",3996212.5,0.00606703817319151,-0.191173892779726
"526","2018","Oklahoma",2823850,2823850,2823850,0.00311195451566354,0.00311195451566354,0.00311195451566354,"south",3996212.5,0.00606703817319151,-0.293368408211525
"527","2018","South Dakota",3702017,3702017,3702017,0.0147753899792017,0.0147753899792017,0.0147753899792017,"north",3996212.5,0.00606703817319151,-0.073618582595395
"528","2018","Tennessee",1321507,1321507,1321507,0.000767323753687367,0.000767323753687367,0.000767323753687367,"south",3996212.5,0.00606703817319151,-0.669310128027476
"529","2018","Texas",10332864,10332864,10332864,0.00121172809687911,0.00121172809687911,0.00121172809687911,"south",3996212.5,0.00606703817319151,1.5856643008849
"530","2018","Wisconsin",4682426,4682426,4682426,0.00288744591256594,0.00288744591256594,0.00288744591256594,"north",3996212.5,0.00606703817319151,0.171715968557728
"531","2019","Arkansas",1917548,1917548,1917548,0.0031146502600235,0.0031146502600235,0.0031146502600235,"south",3817912.6,0.00561118641821934,-0.497749634184921
"532","2019","Idaho",4172872,4172872,4172872,0.0107512951031695,0.0107512951031695,0.0107512951031695,"north",3817912.6,0.00561118641821934,0.0929721125622414
"533","2019","Minnesota",5329510,5329510,5329510,0.0029022820037765,0.0029022820037765,0.0029022820037765,"north",3817912.6,0.00561118641821934,0.395922473447925
"534","2019","Montana",1991024,1991024,1991024,0.0082635001282674,0.0082635001282674,0.0082635001282674,"north",3817912.6,0.00561118641821934,-0.478504562938397
"535","2019","North Dakota",2734802,2734802,2734802,0.0102821516910879,0.0102821516910879,0.0102821516910879,"north",3817912.6,0.00561118641821934,-0.283691826785139
"536","2019","Oklahoma",2812375,2812375,2812375,0.00306038991698983,0.00306038991698983,0.00306038991698983,"south",3817912.6,0.00561118641821934,-0.263373656065359
"537","2019","South Dakota",3339824,3339824,3339824,0.0129284312074247,0.0129284312074247,0.0129284312074247,"north",3817912.6,0.00561118641821934,-0.125222510331955
"538","2019","Tennessee",1373743,1373743,1373743,0.000768583899644362,0.000768583899644362,0.000768583899644362,"south",3817912.6,0.00561118641821934,-0.640184796267992
"539","2019","Texas",9563404,9563404,9563404,0.00109413518620183,0.00109413518620183,0.00109413518620183,"south",3817912.6,0.00561118641821934,1.50487766535043
"540","2019","Wisconsin",4944024,4944024,4944024,0.00294644478560793,0.00294644478560793,0.00294644478560793,"north",3817912.6,0.00561118641821934,0.294954735213163
