"","year","state","region","avg","med","total","max","min","pct_chg","nat_avg","pct_diff","nat_pct_chg"
"1",1975,"ARKANSAS","south",46.984,46.4,3523.8,75,26,NA,67.0715251797806,-29.9494086737068,NA
"2",1975,"ILLINOIS","mid",106.323529411765,107.5,10845,146,71,NA,67.0715251797806,58.5226057209401,NA
"3",1975,"INDIANA","mid",92.270652173913,90,8488.9,130.1,58,NA,67.0715251797806,37.5705292619899,NA
"4",1975,"IOWA","mid",88.1333333333333,90.6,8725.2,115,55,NA,67.0715251797806,31.4020116541229,NA
"5",1975,"KANSAS","mid",76.0761904761905,85,7988,126,37,NA,67.0715251797806,13.4254667271595,NA
"6",1975,"KENTUCKY","mid",74.6333333333333,73.75,8956,97,50,NA,67.0715251797806,11.2742451186011,NA
"7",1975,"MINNESOTA","north",60.9951219512195,61.05,5001.6,104,27.9,NA,67.0715251797806,-9.05958707853108,NA
"8",1975,"MISSOURI","mid",61.3649122807018,58.6,6995.6,100.6,45.6,NA,67.0715251797806,-8.50824978824128,NA
"9",1975,"NEBRASKA","mid",82.9408602150538,84,7713.5,122.7,34.5,NA,67.0715251797806,23.6603163454781,NA
"10",1975,"NORTH DAKOTA","north",42.7409090909091,40.5,1880.6,80,20,NA,67.0715251797806,-36.2756266890532,NA
"11",1975,"OKLAHOMA","south",47.0789473684211,44.15,1789,99.6,21,NA,67.0715251797806,-29.8078473059482,NA
"12",1975,"SOUTH DAKOTA","north",34.7615384615385,28.6,2259.5,89.3,18,NA,67.0715251797806,-48.1724347726363,NA
"13",1975,"TENNESSEE","south",58.2631578947368,57,5535,80,41,NA,67.0715251797806,-13.1327970572215,NA
"14",1975,"TEXAS","south",59.6854961832061,43.1,7818.8,139.3,17.6,NA,67.0715251797806,-11.0121679457516,NA
"15",1975,"WISCONSIN","north",73.8208955223881,72.2,4946,100.9,50,NA,67.0715251797806,10.0629444827983,NA
"16",1976,"ARKANSAS","south",52.7266666666667,50,3954.5,82.5,38,12.2226006016232,69.5544711781998,-24.19370635199,3.70193758344368
"17",1976,"ILLINOIS","mid",98.3921568627451,98,10036,143,52,-7.45965882895344,69.5544711781998,41.4605778694839,3.70193758344368
"18",1976,"INDIANA","mid",107.459782608696,107.3,9886.3,130.4,83.2,16.4614967781456,69.5544711781998,54.4973037511589,3.70193758344368
"19",1976,"IOWA","mid",91.8161616161616,94.5,9089.8,117.6,52.8,4.17870077476734,69.5544711781998,32.0061242086464,3.70193758344368
"20",1976,"KANSAS","mid",82.3076923076923,85.5,8560,136,37,8.19113285312585,69.5544711781998,18.3355877968197,3.70193758344368
"21",1976,"KENTUCKY","mid",94.3916666666667,95,11327,116,65,26.4738722644037,69.5544711781998,35.7089847248403,3.70193758344368
"22",1976,"MINNESOTA","north",50.4061728395062,46.9,4082.9,103.3,16.1,-17.3603212404129,69.5544711781998,-27.5299315979779,3.70193758344368
"23",1976,"MISSOURI","mid",56.3035087719298,51,6418.6,105.1,33.3,-8.24804162616502,69.5544711781998,-19.0512014279007,3.70193758344368
"24",1976,"NEBRASKA","mid",83.7172043010753,87.3,7785.7,122.4,35.1,0.93602126142478,69.5544711781998,20.3620743324901,3.70193758344368
"25",1976,"NORTH DAKOTA","north",33.82,35,1183.7,53.9,18.5,-20.8720621078379,69.5544711781998,-51.3762387563086,3.70193758344368
"26",1976,"OKLAHOMA","south",54.3,46.7,1846.2,112.4,28.3,15.3381777529346,69.5544711781998,-21.931690256285,3.70193758344368
"27",1976,"SOUTH DAKOTA","north",27.3666666666667,23.65,1806.2,96.1,10,-21.2731430257431,69.5544711781998,-60.6543386742848,3.70193758344368
"28",1976,"TENNESSEE","south",78.1052631578947,78,7420,104,62,34.0560072267389,69.5544711781998,12.2936625566279,3.70193758344368
"29",1976,"TEXAS","south",66.5847222222222,50.55,9588.2,148.7,18.2,11.5593008020554,69.5544711781998,-4.26967368980357,3.70193758344368
"30",1976,"WISCONSIN","north",65.6194029850746,67.1,4396.5,87.8,41.9,-11.109987868985,69.5544711781998,-5.65753448551638,3.70193758344368
"31",1977,"ARKANSAS","south",49.5533333333333,47,3716.5,75.8,35,-6.01845998229864,76.8529904639312,-35.5219191417284,10.4932424358923
"32",1977,"ILLINOIS","mid",99.7058823529412,97,10170,130,62,1.33519330410523,76.8529904639312,29.7358525036646,10.4932424358923
"33",1977,"INDIANA","mid",101.267391304348,101.3,9316.6,121.6,84.1,-5.76251985070249,76.8529904639312,31.7676653738996,10.4932424358923
"34",1977,"IOWA","mid",82.5010101010101,86.8,8167.6,123.7,18.3,-10.1454377434047,76.8529904639312,7.34912148894149,10.4932424358923
"35",1977,"KANSAS","mid",90.2788461538462,92.5,9389,121,40,9.68457943925234,76.8529904639312,17.4695293037634,10.4932424358923
"36",1977,"KENTUCKY","mid",88.2265486725664,89,9969.6,102,70,-6.53142190599484,76.8529904639312,14.7991094946046,10.4932424358923
"37",1977,"MINNESOTA","north",89.4440476190476,92.95,7513.3,129.8,52.7,77.4466153259413,76.8529904639312,16.3833015203562,10.4932424358923
"38",1977,"MISSOURI","mid",74.8963963963964,76,8313.5,108.3,35.6,33.0226091233164,76.8529904639312,-2.54589191093748,10.4932424358923
"39",1977,"NEBRASKA","mid",95.847311827957,100,8913.8,133,30.5,14.4893843841915,76.8529904639312,24.715136326335,10.4932424358923
"40",1977,"NORTH DAKOTA","north",53.5217391304348,49.4,2462,100,15,58.2546987889852,76.8529904639312,-30.3582868963912,10.4932424358923
"41",1977,"OKLAHOMA","south",48.4796296296296,40,2617.9,103.3,22.2,-10.7189141259123,76.8529904639312,-36.9190068766651,10.4932424358923
"42",1977,"SOUTH DAKOTA","north",54.5484848484848,51.6,3600.2,102.2,23,99.3245487764367,76.8529904639312,-29.0223002134372,10.4932424358923
"43",1977,"TENNESSEE","south",64.1894736842105,63,6098,96,43,-17.8167115902965,76.8529904639312,-16.4775849362217,10.4932424358923
"44",1977,"TEXAS","south",59.9047619047619,50,8806,122.2,26.5,-10.0322718102906,76.8529904639312,-22.0527899524267,10.4932424358923
"45",1977,"WISCONSIN","north",100.43,101.1,7030.1,119.9,80,53.0492437165927,76.8529904639312,30.6780639162428,10.4932424358923
"46",1978,"ARKANSAS","south",56.4102564102564,55,2200,88,34,13.8374608036925,81.578653301079,-30.8516944965181,6.14896415691941
"47",1978,"ILLINOIS","mid",102.607843137255,107,10466,133,55,2.91052114060963,81.578653301079,25.7778094945553,6.14896415691941
"48",1978,"INDIANA","mid",106.542391304348,107.9,9801.9,129.9,78.6,5.20898181740119,81.578653301079,30.6008214074535,6.14896415691941
"49",1978,"IOWA","mid",112.678787878788,114.6,11155.2,131.3,88.7,36.5786767226603,81.578653301079,38.1228830328062,6.14896415691941
"50",1978,"KANSAS","mid",84.9904761904762,93,8924,135,25,-5.85781740537307,81.578653301079,4.18224958532389,6.14896415691941
"51",1978,"KENTUCKY","mid",83.78,84,9215.8,104,43,-5.03992136093724,81.578653301079,2.69843471281216,6.14896415691941
"52",1978,"MINNESOTA","north",91.9630952380952,90.6,7724.9,127.9,50,2.8163390254615,81.578653301079,12.7293618082794,6.14896415691941
"53",1978,"MISSOURI","mid",82.3919642857143,84.9,9227.9,114.1,48.8,10.0079152669067,81.578653301079,0.996965445891373,6.14896415691941
"54",1978,"NEBRASKA","mid",108.254838709677,107.3,10067.7,136.4,68.8,12.9450963674303,81.578653301079,32.6999580517047,6.14896415691941
"55",1978,"NORTH DAKOTA","north",59.9102040816327,60,2935.6,110,25,11.9362058389562,81.578653301079,-26.5614205955025,6.14896415691941
"56",1978,"OKLAHOMA","south",45.4611111111111,43.3,2454.9,90.8,22.9,-6.22636464341648,81.578653301079,-44.2732758245841,6.14896415691941
"57",1978,"SOUTH DAKOTA","north",61.4545454545455,59,4056,109.2,34.5,12.6604077551247,81.578653301079,-24.6683501531489,6.14896415691941
"58",1978,"TENNESSEE","south",68.6526315789474,70,6522,98,43,6.95309937684485,81.578653301079,-15.8448579365807,6.14896415691941
"59",1978,"TEXAS","south",64.6616541353384,55.1,8600,135.2,22.6,7.94075809555688,81.578653301079,-20.7370414700348,6.14896415691941
"60",1978,"WISCONSIN","north",93.92,93.25,6574.4,111.8,80,-6.48212685452555,81.578653301079,15.1281569375426,6.14896415691941
"61",1979,"ARKANSAS","south",54.8085106382979,55,2576,73,43,-2.83945841392649,92.5857580970491,-40.8024389875955,13.4926287093102
"62",1979,"ILLINOIS","mid",119.960784313725,123.5,12236,146,89,16.9119052168928,92.5857580970491,29.5672107452873,13.4926287093102
"63",1979,"INDIANA","mid",108.367391304348,107.55,9969.8,132.1,81.9,1.71293320682724,92.5857580970491,17.0454220299804,13.4926287093102
"64",1979,"IOWA","mid",125.617171717172,127.2,12436.1,144.1,97.7,11.4825372920252,92.5857580970491,35.6765600876745,13.4926287093102
"65",1979,"KANSAS","mid",107.990291262136,109,11123,140,62,27.0616380829703,92.5857580970491,16.6381239206787,13.4926287093102
"66",1979,"KENTUCKY","mid",96.1918918918919,96,10677.3,116,70,14.8148626066984,92.5857580970491,3.89491199182367,13.4926287093102
"67",1979,"MINNESOTA","north",88.8915662650602,87,7378,126,55,-3.33995823551037,92.5857580970491,-3.99002169223106,13.4926287093102
"68",1979,"MISSOURI","mid",94.3571428571429,95.45,10568,122.8,63.1,14.5222640037278,92.5857580970491,1.91323676178902,13.4926287093102
"69",1979,"NEBRASKA","mid",111.515053763441,109.8,10370.9,138.3,64.2,3.01161139088373,92.5857580970491,20.445148428282,13.4926287093102
"70",1979,"NORTH DAKOTA","north",68.1166666666667,71,2860.9,125,25,13.6979379570332,92.5857580970491,-26.4285695049704,13.4926287093102
"71",1979,"OKLAHOMA","south",96.3169811320755,95,5104.8,123.4,80,111.866755514769,92.5857580970491,4.03001834376655,13.4926287093102
"72",1979,"SOUTH DAKOTA","north",68.6136363636364,66.1,4528.5,105.1,39.1,11.6494082840237,92.5857580970491,-25.891802612109,13.4926287093102
"73",1979,"TENNESSEE","south",81.8631578947368,83,7777,103,63,19.2425636307881,92.5857580970491,-11.5812630610776,13.4926287093102
"74",1979,"TEXAS","south",71.5575539568345,58.2,9946.5,149,29,10.6645892588255,92.5857580970491,-22.7121369122156,13.4926287093102
"75",1979,"WISCONSIN","north",94.6185714285714,95.6,6623.3,120.6,71.5,0.743794110489171,92.5857580970491,2.19560046091706,13.4926287093102
"76",1980,"ARKANSAS","south",27.462962962963,27,1483,40,20,-49.8928858983207,68.9541087480167,-60.1721152494008,-25.5240652933484
"77",1980,"ILLINOIS","mid",85.2549019607843,88,8696,129,41,-28.9310232101994,68.9541087480167,23.6400607719209,-25.5240652933484
"78",1980,"INDIANA","mid",96.1478260869565,97.05,8845.6,119.1,66.8,-11.27605368212,68.9541087480167,39.4374140028631,-25.5240652933484
"79",1980,"IOWA","mid",108.085858585859,114.5,10700.5,139.1,54.8,-13.9561438071421,68.9541087480167,56.7504250991677,-25.5240652933484
"80",1980,"KANSAS","mid",72.7608695652174,79.5,6694,137,20,-32.6227675517631,68.9541087480167,5.52071643926538,-25.5240652933484
"81",1980,"KENTUCKY","mid",71.9739130434783,77,8277,99,40,-25.1767361802507,68.9541087480167,4.37944068930977,-25.5240652933484
"82",1980,"MINNESOTA","north",87.1309523809524,88,7319,130,40,-1.98063096206224,68.9541087480167,26.3607839517736,-25.5240652933484
"83",1980,"MISSOURI","mid",40.6472727272727,33.85,4471.2,91.2,13.7,-56.9218911293098,68.9541087480167,-41.051703132278,-25.5240652933484
"84",1980,"NEBRASKA","mid",85.0075268817204,89.1,7905.7,117.6,26.1,-23.7703574424592,68.9541087480167,23.2813075611908,-25.5240652933484
"85",1980,"NORTH DAKOTA","north",51.5864864864865,51.4,1908.7,90,20,-24.2674531639543,68.9541087480167,-25.1872188283918,-25.5240652933484
"86",1980,"OKLAHOMA","south",52.9207547169811,49.2,2804.8,88.1,27.5,-45.0556339131797,68.9541087480167,-23.2522097988784,-25.5240652933484
"87",1980,"SOUTH DAKOTA","north",51.321875,45.25,3284.6,100,16,-25.2016396157668,68.9541087480167,-25.5709689649551,-25.5240652933484
"88",1980,"TENNESSEE","south",45.6736842105263,44,4339,113,21,-44.2072778706442,68.9541087480167,-33.7622006290669,-25.5240652933484
"89",1980,"TEXAS","south",58.3481751824818,50,7993.7,129.4,17,-18.4597964071285,68.9541087480167,-15.3811480680475,-25.5240652933484
"90",1980,"WISCONSIN","north",99.9885714285714,100.3,6999.2,123.3,69.6,5.67541859797986,68.9541087480167,45.0074161555273,-25.5240652933484
"91",1981,"ARKANSAS","south",59.6981132075472,60,3164,81,43,117.376811409814,92.5709663787179,-35.5109754787309,34.2501093256179
"92",1981,"ILLINOIS","mid",118.058823529412,123,12042,150,70,38.4774609015639,92.5709663787179,27.5333164897731,34.2501093256179
"93",1981,"INDIANA","mid",104.51847826087,104.9,9615.7,125,70.5,8.70602333363479,92.5709663787179,12.9063272746588,34.2501093256179
"94",1981,"IOWA","mid",124.429292929293,126,12318.5,145,92.4,15.1207887481893,92.5709663787179,34.4150307562299,34.2501093256179
"95",1981,"KANSAS","mid",114.809523809524,119,12055,159,45,57.7902030247414,92.5709663787179,24.0232529709429,34.2501093256179
"96",1981,"KENTUCKY","mid",92.6086956521739,93,10650,113,73,28.6698079014135,92.5709663787179,0.0407571346956019,34.2501093256179
"97",1981,"MINNESOTA","north",100.10843373494,96,8309,133,65,14.8942264480795,92.5709663787179,8.14236650116112,34.2501093256179
"98",1981,"MISSOURI","mid",96.0789473684211,94.9,10953,122.1,70,136.372432692036,92.5709663787179,3.78950455734859,34.2501093256179
"99",1981,"NEBRASKA","mid",112.283870967742,110.8,10442.4,147.7,61.8,32.0869752204106,92.5709663787179,21.294910661704,34.2501093256179
"100",1981,"NORTH DAKOTA","north",65.2930232558139,69.5,2807.6,112.7,18,26.5700141701219,92.5709663787179,-29.4670609911394,34.2501093256179
"101",1981,"OKLAHOMA","south",59.3238095238095,54.4,2491.6,122.5,28,12.0993263249396,92.5709663787179,-35.9153178966401,34.2501093256179
"102",1981,"SOUTH DAKOTA","north",63.6954545454545,58.65,4203.9,120.6,30.3,24.1097573801708,92.5709663787179,-31.1928382762372,34.2501093256179
"103",1981,"TENNESSEE","south",79.7684210526316,79,7578,122,59,74.6485365291542,92.5709663787179,-13.8299791251068,34.2501093256179
"104",1981,"TEXAS","south",95.8196078431372,90.05,9773.6,159.2,60,64.2204019979459,92.5709663787179,3.50935243684158,34.2501093256179
"105",1981,"WISCONSIN","north",102.07,101.95,7144.9,124.3,64.4,2.0816664761687,92.5709663787179,10.2613529844989,34.2501093256179
"106",1982,"ARKANSAS","south",80.7291666666667,83,3875,114,55,35.2290086388538,93.4508298438912,-13.6132158467463,0.950474538176094
"107",1982,"ILLINOIS","mid",124.078431372549,127.5,12656,148,89,5.09882079388806,93.4508298438912,32.7740284166775,0.950474538176094
"108",1982,"INDIANA","mid",121.996739130435,123.3,11223.7,147.6,96.5,16.7226514970309,93.4508298438912,30.5464481527123,0.950474538176094
"109",1982,"IOWA","mid",116.780808080808,121.4,11561.3,138.1,78.6,-6.14685229532816,93.4508298438912,24.9649770642909,0.950474538176094
"110",1982,"KANSAS","mid",99.8666666666667,101,10486,148,40,-13.0153463293239,93.4508298438912,6.86546800439663,0.950474538176094
"111",1982,"KENTUCKY","mid",95.2456140350877,95.5,10858,123,74,2.84737665760648,93.4508298438912,1.92056527929685,0.950474538176094
"112",1982,"MINNESOTA","north",97.7258823529412,101,8306.7,138,50,-2.37997069088799,93.4508298438912,4.57465441044391,0.950474538176094
"113",1982,"MISSOURI","mid",92.4938596491228,92.05,10544.3,141,55.7,-3.73139779055967,93.4508298438912,-1.02403605871341,0.950474538176094
"114",1982,"NEBRASKA","mid",107.769892473118,108.5,10022.6,135.8,66.8,-4.0201486248372,93.4508298438912,15.322563377069,0.950474538176094
"115",1982,"NORTH DAKOTA","north",55.7541666666667,51.5,2676.2,91.3,35,-14.6093045068148,93.4508298438912,-40.3385001933064,0.950474538176094
"116",1982,"OKLAHOMA","south",72.3477272727273,65.35,3183.3,134.9,44.5,21.9539470803719,93.4508298438912,-22.5820387110703,0.950474538176094
"117",1982,"SOUTH DAKOTA","north",66.1484848484848,62.85,4365.8,108,27.4,3.85118580365849,93.4508298438912,-29.215733066271,0.950474538176094
"118",1982,"TENNESSEE","south",86.2765957446808,86,8110,129,68,8.15883604835948,93.4508298438912,-7.67701486567302,0.950474538176094
"119",1982,"TEXAS","south",84.7555555555556,74.7,8390.8,164.5,28.3,-11.5467517939483,93.4508298438912,-9.30465176484895,0.950474538176094
"120",1982,"WISCONSIN","north",99.7928571428571,99.85,6985.5,124.5,74,-2.23096194488376,93.4508298438912,6.78648580174224,0.950474538176094
"121",1983,"ARKANSAS","south",64.6216216216216,65,2391,100,30,-19.9525719267655,70.6838141522249,-8.57649322311291,-24.3625612845797
"122",1983,"ILLINOIS","mid",69.8235294117647,74,7122,110,20,-43.7262958280657,70.6838141522249,-1.21708873633715,-24.3625612845797
"123",1983,"INDIANA","mid",68.6543478260869,71.1,6316.2,93.5,38.8,-43.7244402469774,70.6838141522249,-2.87118960752077,-24.3625612845797
"124",1983,"IOWA","mid",81.330303030303,87.8,8051.7,118,19.1,-30.3564478043127,70.6838141522249,15.0621312754145,-24.3625612845797
"125",1983,"KANSAS","mid",81.0380952380952,86,8509,141,26,-18.8537097081823,70.6838141522249,14.6487299957686,-24.3625612845797
"126",1983,"KENTUCKY","mid",45.0973451327434,44,5096,89,16,-52.6515256480683,70.6838141522249,-36.1984838061773,-24.3625612845797
"127",1983,"MINNESOTA","north",79.1058823529412,80,6724,117,32,-19.0532943286744,70.6838141522249,11.9151297955971,-24.3625612845797
"128",1983,"MISSOURI","mid",46.9394736842105,42.6,5351.1,104.3,22.9,-49.2512542321444,70.6838141522249,-33.5923305113084,-24.3625612845797
"129",1983,"NEBRASKA","mid",96.3612903225806,102,8961.6,130.2,44.8,-10.5860754694391,70.6838141522249,36.3272362680608,-24.3625612845797
"130",1983,"NORTH DAKOTA","north",52.702,50.25,2635.1,93,25,-5.47432927284958,70.6838141522249,-25.439790379024,-24.3625612845797
"131",1983,"OKLAHOMA","south",92.1230769230769,82.5,3592.8,160,50,27.3337537968581,70.6838141522249,30.3312194283692,-24.3625612845797
"132",1983,"SOUTH DAKOTA","north",56.369696969697,51.1,3720.4,116.4,30,-14.7830867195016,70.6838141522249,-20.2509122551042,-24.3625612845797
"133",1983,"TENNESSEE","south",50.7872340425532,49,4774,94,33,-41.134401972873,70.6838141522249,-28.1487075199739,-24.3625612845797
"134",1983,"TEXAS","south",78.2145833333333,67.8,7508.6,163.7,27.5,-7.71745542737283,70.6838141522249,10.6541635753981,-24.3625612845797
"135",1983,"WISCONSIN","north",97.0887323943662,97.1,6893.3,110.8,73.1,-2.70973777674276,70.6838141522249,37.3563856999504,-24.3625612845797
"136",1984,"ARKANSAS","south",86.7142857142857,90,3642,115,50,34.1877277887315,90.2772278636025,-3.94666765211258,27.7198025409058
"137",1984,"ILLINOIS","mid",107.147058823529,109,10929,137,63,53.4540859309183,90.2772278636025,18.6866958137163,27.7198025409058
"138",1984,"INDIANA","mid",114.6,114.2,10543.2,139.2,90.1,66.9231499952503,90.2772278636025,26.9423117124799,27.7198025409058
"139",1984,"IOWA","mid",109.2,112.8,10810.8,134.7,60.1,34.267297589329,90.2772278636025,20.9607368150332,27.7198025409058
"140",1984,"KANSAS","mid",104.307692307692,104,10848,178,29,28.7143929052496,90.2772278636025,15.54153220709,27.7198025409058
"141",1984,"KENTUCKY","mid",92.2456140350877,92.5,10516,120,69,104.547770525214,90.2772278636025,2.18037950219211,27.7198025409058
"142",1984,"MINNESOTA","north",93.3058823529412,95,7931,137,40,17.9506246281975,90.2772278636025,3.35483771601253,27.7198025409058
"143",1984,"MISSOURI","mid",73.7894736842105,70,8412,145.1,34.4,57.2013230924483,90.2772278636025,-18.2634697249487,27.7198025409058
"144",1984,"NEBRASKA","mid",113.744086021505,115.8,10578.2,148.4,63.6,18.0391894304589,90.2772278636025,25.9942166072693,27.7198025409058
"145",1984,"NORTH DAKOTA","north",51.1137254901961,47,2606.8,101,29,-3.01368925240773,90.2772278636025,-43.3813745727522,27.7198025409058
"146",1984,"OKLAHOMA","south",74.8547619047619,67.5,3143.9,135.4,40,-18.7448309317047,90.2772278636025,-17.0834509696531,27.7198025409058
"147",1984,"SOUTH DAKOTA","north",64.7307692307692,63,4207.5,118.3,26.9,14.8325655636697,90.2772278636025,-28.2977880882992,27.7198025409058
"148",1984,"TENNESSEE","south",91.8404255319149,92,8633,150,62,80.8336824465856,90.2772278636025,1.73155258009717,27.7198025409058
"149",1984,"TEXAS","south",75.6160714285714,59.3,8469,173,16.9,-3.32228568384443,90.2772278636025,-16.2401491295039,27.7198025409058
"150",1984,"WISCONSIN","north",100.948571428571,102.5,7066.4,127.1,70,3.97557877110486,90.2772278636025,11.8206371833792,27.7198025409058
"151",1985,"ARKANSAS","south",94.575,100,3783,140,35,9.06507413509061,99.3781095626995,-4.83316656337596,10.0810380585094
"152",1985,"ILLINOIS","mid",125.892156862745,126.5,12841,162,87,17.4947387684143,99.3781095626995,26.679967466394,10.0810380585094
"153",1985,"INDIANA","mid",121.052173913043,122.3,11136.8,145.9,93.6,5.63016920858943,99.3781095626995,21.8096967689543,10.0810380585094
"154",1985,"IOWA","mid",125.385858585859,125.3,12413.2,146.4,105,14.8222148222148,99.3781095626995,26.1705008654348,10.0810380585094
"155",1985,"KANSAS","mid",117.592233009709,121,12112,162,70,12.7359166022281,99.3781095626995,18.3281041742071,10.0810380585094
"156",1985,"KENTUCKY","mid",96.6842105263158,98.5,11022,115,65,4.81171548117154,99.3781095626995,-2.71075697478839,10.0810380585094
"157",1985,"MINNESOTA","north",97.9047619047619,106.5,8224,141,44,4.92882060149742,99.3781095626995,-1.482567604094,10.0810380585094
"158",1985,"MISSOURI","mid",94.6219298245614,94.5,10786.9,139,64,28.2322872087494,99.3781095626995,-4.78594306036517,10.0810380585094
"159",1985,"NEBRASKA","mid",123.223655913978,124.7,11459.8,150.5,67.1,8.33412111701424,99.3781095626995,23.9947675159129,10.0810380585094
"160",1985,"NORTH DAKOTA","north",52.5604651162791,47.5,2260.1,102.7,29,2.830432750124,99.3781095626995,-47.1106208927051,10.0810380585094
"161",1985,"OKLAHOMA","south",86.3309523809524,84.85,3625.9,127.1,60,15.3312764400903,99.3781095626995,-13.1288039580945,10.0810380585094
"162",1985,"SOUTH DAKOTA","north",70.2369230769231,75.7,4565.4,114.9,30,8.50623885918005,99.3781095626995,-29.3235468193231,10.0810380585094
"163",1985,"TENNESSEE","south",92.1382978723404,90.5,8661,140,63,0.32433684698252,99.3781095626995,-7.28511713718136,10.0810380585094
"164",1985,"TEXAS","south",91.4387387387387,82.9,10149.7,172.6,35,20.9250057709144,99.3781095626995,-7.98905398673506,10.0810380585094
"165",1985,"WISCONSIN","north",101.034285714286,99.95,7072.4,131.1,70.3,0.0849088644854445,99.3781095626995,1.66654020575958,10.0810380585094
"166",1986,"ARKANSAS","south",90.9761904761905,90,3821,125,46,-3.80524401142958,101.439939717191,-10.3152163439494,2.07473271886922
"167",1986,"ILLINOIS","mid",127.401960784314,131,12995,166,67,1.19928354489527,101.439939717191,25.5934902361969,2.07473271886922
"168",1986,"INDIANA","mid",120.229347826087,120.3,11061.1,135.8,97.9,-0.679728467782481,101.439939717191,18.5226925028547,2.07473271886922
"169",1986,"IOWA","mid",133.368686868687,134,13203.5,152.6,100.5,6.36660973802081,101.439939717191,31.4755186571601,2.07473271886922
"170",1986,"KANSAS","mid",122.895238095238,123,12904,177,67,4.50965590992012,101.439939717191,21.1507404656034,2.07473271886922
"171",1986,"KENTUCKY","mid",85.0175438596491,85,9692,125,50,-12.0667755398294,101.439939717191,-16.1892799851087,2.07473271886922
"172",1986,"MINNESOTA","north",109.40119047619,107,9189.7,148,60,11.7424610894942,101.439939717191,7.84824082229888,2.07473271886922
"173",1986,"MISSOURI","mid",100.920754716981,104.8,10697.6,137.3,64.5,6.65683410188145,101.439939717191,-0.511815170293752,2.07473271886922
"174",1986,"NEBRASKA","mid",124.588172043011,126.2,11586.7,153.8,70.8,1.10734916839736,101.439939717191,22.8196432197774,2.07473271886922
"175",1986,"NORTH DAKOTA","north",73.3365384615385,75.25,3813.5,117.7,33,39.5279480485887,101.439939717191,-27.7044735377436,2.07473271886922
"176",1986,"OKLAHOMA","south",88.4868421052632,82.75,3362.5,151.1,58,2.49723843517615,101.439939717191,-12.7692284203244,2.07473271886922
"177",1986,"SOUTH DAKOTA","north",76.2530303030303,73.5,5032.7,133.5,34.6,8.56544814686488,101.439939717191,-24.8293812914125,2.07473271886922
"178",1986,"TENNESSEE","south",64.5106382978723,64,6064,111,41,-29.9849901858908,101.439939717191,-36.4050900683451,2.07473271886922
"179",1986,"TEXAS","south",94.2433962264151,86.5,9989.8,175.4,40,3.0672530334106,101.439939717191,-7.0943885720349,2.07473271886922
"180",1986,"WISCONSIN","north",109.969565217391,109.7,7587.9,135.8,70,8.84380924746042,101.439939717191,8.40854748532079,2.07473271886922
"181",1987,"ARKANSAS","south",98.175,102.5,3927,135,45,7.91285003925672,103.222357514573,-4.88979096787323,1.75711638073934
"182",1987,"ILLINOIS","mid",127.745098039216,125,13030,163,96,0.269334359368978,103.222357514573,23.7571986487327,1.75711638073934
"183",1987,"INDIANA","mid",130.53152173913,133.2,12008.9,150.2,101.1,8.56876802487998,103.222357514573,26.4566368005123,1.75711638073934
"184",1987,"IOWA","mid",127.354545454545,130.6,12608.1,147.1,92.9,-4.5094103836104,103.222357514573,23.3788381907136,1.75711638073934
"185",1987,"KANSAS","mid",108.432692307692,110,11277,149,46,-11.7681905431828,103.222357514573,5.04768048180189,1.75711638073934
"186",1987,"KENTUCKY","mid",94.4909090909091,91.5,10394,131,70,11.1428357032979,103.222357514573,-8.45887328472573,1.75711638073934
"187",1987,"MINNESOTA","north",114.951807228916,113,9541,145,50,5.07363469132742,103.222357514573,11.3632840760164,1.75711638073934
"188",1987,"MISSOURI","mid",105.403846153846,105.8,10962,139.4,60,4.44218976506592,103.222357514573,2.11338773091358,1.75711638073934
"189",1987,"NEBRASKA","mid",125.591397849462,122.1,11680,164.3,68.6,0.805233586784837,103.222357514573,21.6707318777628,1.75711638073934
"190",1987,"NORTH DAKOTA","north",78.6980392156863,77.8,4013.6,118,50,7.31081786326697,103.222357514573,-23.7587271686027,1.75711638073934
"191",1987,"OKLAHOMA","south",81.947619047619,79.3,3441.8,140.9,50,-7.39005133651973,103.222357514573,-20.6105915222395,1.75711638073934
"192",1987,"SOUTH DAKOTA","north",75.9393939393939,76,5012,117,40,-0.411310032388179,103.222357514573,-26.4312540733509,1.75711638073934
"193",1987,"TENNESSEE","south",76.9468085106383,74.5,7233,133,48,19.2777044854881,103.222357514573,-25.4552885989117,1.75711638073934
"194",1987,"TEXAS","south",89.2495412844037,80.8,9728.2,175,22,-5.29889110746172,103.222357514573,-13.5366180027394,1.75711638073934
"195",1987,"WISCONSIN","north",112.877142857143,114.65,7901.4,132.2,88,2.64398393683176,103.222357514573,9.35338581198975,1.75711638073934
"196",1988,"ARKANSAS","south",82.3333333333333,77.5,2964,135,45,-16.1361514302691,74.8076257775924,10.0600807437938,-27.5276911137873
"197",1988,"ILLINOIS","mid",75.5392156862745,75,7705,105,42,-40.8672294704528,74.8076257775924,0.977961673128314,-27.5276911137873
"198",1988,"INDIANA","mid",82.4369565217391,82.1,7584.2,105.1,55.1,-36.8451731632373,74.8076257775924,10.1986002962174,-27.5276911137873
"199",1988,"IOWA","mid",79.230303030303,79.9,7843.8,123.9,32,-37.7876127251529,74.8076257775924,5.91206739518711,-27.5276911137873
"200",1988,"KANSAS","mid",102.933333333333,93,10808,177,31,-5.07167982028317,74.8076257775924,37.5973802983139,-27.5276911137873
"201",1988,"KENTUCKY","mid",67.8272727272727,67,7461,102,30,-28.2182028093131,74.8076257775924,-9.33107150208548,-27.5276911137873
"202",1988,"MINNESOTA","north",66.6588235294118,67,5666,108,30,-42.0115045284438,74.8076257775924,-10.8930101222668,-27.5276911137873
"203",1988,"MISSOURI","mid",72.2490384615385,72.95,7513.9,127.3,25.2,-31.4550264550265,74.8076257775924,-3.42022259022199,-27.5276911137873
"204",1988,"NEBRASKA","mid",120,125.4,11160,167.5,59.5,-4.45205479452055,74.8076257775924,60.4114537156509,-27.5276911137873
"205",1988,"NORTH DAKOTA","north",44.0632653061224,46.1,2159.1,101,13,-44.0097037419712,74.8076257775924,-41.0978963065541,-27.5276911137873
"206",1988,"OKLAHOMA","south",68.7842105263158,64.35,2613.8,150,48.2,-16.0631982652896,74.8076257775924,-8.05187330658588,-27.5276911137873
"207",1988,"SOUTH DAKOTA","north",55.8380952380952,51,3517.8,129.5,15,-26.470185839699,74.8076257775924,-25.3577497512015,-27.5276911137873
"208",1988,"TENNESSEE","south",60.5161290322581,56,5628,123,35,-21.353295603038,74.8076257775924,-19.1043314057631,-27.5276911137873
"209",1988,"TEXAS","south",79.0686956521739,69.8,9092.9,169.2,20.7,-11.4071685811665,74.8076257775924,5.69603677471322,-27.5276911137873
"210",1988,"WISCONSIN","north",64.6357142857143,62.15,4524.5,99.7,40,-42.737995798213,74.8076257775924,-13.5974259123259,-27.5276911137873
"211",1989,"ARKANSAS","south",106.657142857143,105,3733,135,60,29.5430884904569,97.6262098682891,9.25052094210944,30.5030187143456
"212",1989,"ILLINOIS","mid",118.774509803922,119.5,12115,149,72,57.2355613238157,97.6262098682891,21.6625227632666,30.5030187143456
"213",1989,"INDIANA","mid",130.053260869565,132,11964.9,145.1,106.8,57.7608712850399,97.6262098682891,33.2155176822132,30.5030187143456
"214",1989,"IOWA","mid",113.807070707071,116.9,11266.9,154.4,46.6,43.640837349244,97.6262098682891,16.5742999350398,30.5030187143456
"215",1989,"KANSAS","mid",108.205882352941,105.5,11037,175,31,5.12229503200243,97.6262098682891,10.836918178966,30.5030187143456
"216",1989,"KENTUCKY","mid",101.381818181818,99,11152,139,70,49.4705803511593,97.6262098682891,3.84692626969328,30.5030187143456
"217",1989,"MINNESOTA","north",107.712345679012,113,8724.7,149,48,61.5875288160263,97.6262098682891,10.3313811161274,30.5030187143456
"218",1989,"MISSOURI","mid",95.3375,94.45,9915.1,142.5,51.5,31.9567734465457,97.6262098682891,-2.34436005594895,30.5030187143456
"219",1989,"NEBRASKA","mid",114.568817204301,115,10654.9,160.2,53,-4.52598566308244,97.6262098682891,17.3545683673164,30.5030187143456
"220",1989,"NORTH DAKOTA","north",47.4102040816327,47.7,2323.1,106.6,14.4,7.59575749154742,97.6262098682891,-51.4370125137548,30.5030187143456
"221",1989,"OKLAHOMA","south",82.0609756097561,80,3364.5,160.5,45.5,19.3020534536205,97.6262098682891,-15.9437043387555,30.5030187143456
"222",1989,"SOUTH DAKOTA","north",63.0692307692308,60,4099.5,120,20,12.9501830252299,97.6262098682891,-35.3972351745298,30.5030187143456
"223",1989,"TENNESSEE","south",93.5531914893617,92,8794,128,66,54.5921607766638,97.6262098682891,-4.17205418956898,30.5030187143456
"224",1989,"TEXAS","south",77.409649122807,71.25,8824.7,175.6,10.6,-2.09823434632729,97.6262098682891,-20.7081282503509,30.5030187143456
"225",1989,"WISCONSIN","north",104.391549295775,106.2,7411.8,130,76.7,61.5075356548619,97.6262098682891,6.929839268177,30.5030187143456
"226",1990,"ARKANSAS","south",82.5897435897436,84,3221,115,44,-22.5652015633264,96.5765499292197,-14.4826113064993,-1.0751825155207
"227",1990,"ILLINOIS","mid",119.254901960784,125.5,12164,147,73,0.404457284358228,96.5765499292197,23.4822553178649,-1.0751825155207
"228",1990,"INDIANA","mid",124.945652173913,127.5,11495,147.6,95.4,-3.92732074651688,96.5765499292197,29.3747315114123,-1.0751825155207
"229",1990,"IOWA","mid",123.964646464646,124.9,12272.5,144.3,95,8.9252589443414,96.5765499292197,28.3589510657601,-1.0751825155207
"230",1990,"KANSAS","mid",107.814563106796,100.9,11104.9,187.6,36.2,-0.361643228293884,96.5765499292197,11.6363787956939,-1.0751825155207
"231",1990,"KENTUCKY","mid",93.4766355140187,92,10002,123,60,-7.79743627562718,96.5765499292197,-3.20980032675933,-1.0751825155207
"232",1990,"MINNESOTA","north",109.741463414634,114,8998.8,143,51,1.88383023582892,96.5765499292197,13.6315839560048,-1.0751825155207
"233",1990,"MISSOURI","mid",98.3070707070707,98,9732.4,142.1,66.1,3.11479817183238,96.5765499292197,1.79186435953584,-1.0751825155207
"234",1990,"NEBRASKA","mid",124.969892473118,125.9,11622.2,165.5,75.5,9.07845216754732,96.5765499292197,29.3998310818805,-1.0751825155207
"235",1990,"NORTH DAKOTA","north",65.5826086956522,64.25,3016.8,150,10,38.3301547969074,96.5765499292197,-32.0926159158541,-1.0751825155207
"236",1990,"OKLAHOMA","south",68.7102564102564,63.5,2679.7,150,31.3,-16.2692669692224,96.5765499292197,-28.8540991983937,-1.0751825155207
"237",1990,"SOUTH DAKOTA","north",72.0636363636364,69.8,4756.2,125,20,14.2611626695051,96.5765499292197,-25.3818484751719,-1.0751825155207
"238",1990,"TENNESSEE","south",83.9462365591398,85,7807,132,58,-10.2689761592092,96.5765499292197,-13.0780333107121,-1.0751825155207
"239",1990,"TEXAS","south",62.9288288288288,45.5,6985.1,167.6,12.3,-18.7067380592373,96.5765499292197,-34.8404670958437,-1.0751825155207
"240",1990,"WISCONSIN","north",110.352112676056,110,7835,131.8,86.7,5.7098140802504,96.5765499292197,14.2638795410818,-1.0751825155207
"241",1991,"ARKANSAS","south",91.4951219512195,94.8,3751.3,121.7,45,10.7826686152611,93.1450722393454,-1.77137689462108,-3.55311687194168
"242",1991,"ILLINOIS","mid",101.303921568627,104,10333,155,52,-15.0526142716212,93.1450722393454,8.75929250268558,-3.55311687194168
"243",1991,"INDIANA","mid",91.0434782608696,92.9,8376,118.6,59.3,-27.1335363201392,93.1450722393454,-2.25625889588188,-3.55311687194168
"244",1991,"IOWA","mid",115.411111111111,118,11425.7,136.6,90,-6.8999796292524,93.1450722393454,23.9046879630422,-3.55311687194168
"245",1991,"KANSAS","mid",96.4104761904762,93.8,10123.1,181.8,30.6,-10.5775013947082,93.1450722393454,3.50571841604247,-3.55311687194168
"246",1991,"KENTUCKY","mid",85.7981651376147,86,9352,106,55,-8.21432043866457,93.1450722393454,-7.88759611764767,-3.55311687194168
"247",1991,"MINNESOTA","north",110.71686746988,115,9189.5,137,80,0.888819981887812,93.1450722393454,18.8649756858652,-3.55311687194168
"248",1991,"MISSOURI","mid",87.2417475728155,89.6,8985.9,123.4,36.8,-11.2558771761463,93.1450722393454,-6.33777453235603,-3.55311687194168
"249",1991,"NEBRASKA","mid",123.609677419355,126.1,11495.7,166.8,50.9,-1.08843420350708,93.1450722393454,32.7066203800107,-3.55311687194168
"250",1991,"NORTH DAKOTA","north",65.806,63.9,3290.3,110.1,18.3,0.340625828692653,93.1450722393454,-29.351066655566,-3.55311687194168
"251",1991,"OKLAHOMA","south",77.9844444444444,75,3509.3,144.6,37.8,13.4975308181264,93.1450722393454,-16.2763605528634,-3.55311687194168
"252",1991,"SOUTH DAKOTA","north",66.6833333333333,66.55,4401.1,146.4,20,-7.46604432109667,93.1450722393454,-28.4091667651682,-3.55311687194168
"253",1991,"TENNESSEE","south",87.2934782608696,88,8031,111,55,3.98736362573164,93.1450722393454,-6.28223677087242,-3.55311687194168
"254",1991,"TEXAS","south",82.6782608695652,78.1,9508,173,18.3,31.3837590946692,93.1450722393454,-11.2371069323825,-3.55311687194168
"255",1991,"WISCONSIN","north",113.7,116.3,8072.7,135,80,3.0338225909381,93.1450722393454,22.0676491697131,-3.55311687194168
"256",1992,"ARKANSAS","south",116.747619047619,122.55,4903.4,159.4,70,27.5998288847168,110.865424678441,5.30570679383536,19.0244658284885
"257",1992,"ILLINOIS","mid",142.901960784314,145,14576,180,83,41.062614923062,110.865424678441,28.8967784129213,19.0244658284885
"258",1992,"INDIANA","mid",145.229347826087,147.55,13361.1,163.9,121.9,59.5164756446991,110.865424678441,30.9960686546929,19.0244658284885
"259",1992,"IOWA","mid",144.234343434343,144.8,14279.2,169.2,117.3,24.9743998179543,110.865424678441,30.0985801954826,19.0244658284885
"260",1992,"KANSAS","mid",130.04,128.1,13654.2,190.2,58.3,34.8816074127491,110.865424678441,17.295360909115,19.0244658284885
"261",1992,"KENTUCKY","mid",115.546788990826,115,12594.6,156,76,34.6727972626176,110.865424678441,4.22256472291802,19.0244658284885
"262",1992,"MINNESOTA","north",93.219512195122,103,7644,146,33,-15.8036943011576,110.865424678441,-15.916515482171,19.0244658284885
"263",1992,"MISSOURI","mid",127.321782178218,128.3,12859.5,161.2,64.4,45.9413477153811,110.865424678441,14.8435434649784,19.0244658284885
"264",1992,"NEBRASKA","mid",126.081720430108,127.9,11725.6,167.7,66.6,1.9998782153327,110.865424678441,13.7250146254353,19.0244658284885
"265",1992,"NORTH DAKOTA","north",45.754,41.65,2287.7,105,21.6,-30.4713855879403,110.865424678441,-58.7301450089538,19.0244658284885
"266",1992,"OKLAHOMA","south",99.914,92.3,4995.7,170.5,55,28.1204228763571,110.865424678441,-9.87812450112796,19.0244658284885
"267",1992,"SOUTH DAKOTA","north",74.0515151515151,70.55,4887.4,137,30,11.0495103496853,110.865424678441,-33.2059428209492,19.0244658284885
"268",1992,"TENNESSEE","south",110.75,109,10189,149,79,26.8708753579878,110.865424678441,-0.104112421681861,19.0244658284885
"269",1992,"TEXAS","south",98.0169491525424,83.55,11566,224.7,37.7,18.5522628580392,110.865424678441,-11.5892538752858,19.0244658284885
"270",1992,"WISCONSIN","north",93.1718309859155,98.6,6615.2,121.3,57.5,-18.0546781126513,110.865424678441,-15.9595236692093,19.0244658284885
"271",1993,"ARKANSAS","south",82.9875,82.45,3319.5,120,32.5,-28.9171799159767,84.2078084289327,-1.44916303095876,-24.0450224466528
"272",1993,"ILLINOIS","mid",125.196078431373,125,12770,165,84,-12.3902305159166,84.2078084289327,48.6751416135382,-24.0450224466528
"273",1993,"INDIANA","mid",130.425,132.2,11999.1,151.3,111.2,-10.1937714709118,84.2078084289327,54.8846863887598,-24.0450224466528
"274",1993,"IOWA","mid",76.9141414141414,78,7614.5,106,41.4,-46.674183427643,84.2078084289327,-8.66150912946126,-24.0450224466528
"275",1993,"KANSAS","mid",94.6514285714286,89.3,9938.4,174.8,46,-27.2136046051764,84.2078084289327,12.4021991990325,-24.0450224466528
"276",1993,"KENTUCKY","mid",96.5697247706422,96,10526.1,130,71,-16.4237053975513,84.2078084289327,14.6802494594577,-24.0450224466528
"277",1993,"MINNESOTA","north",59.2602564102564,62,4622.3,114,7,-36.429342940332,84.2078084289327,-29.6261742041782,-24.0450224466528
"278",1993,"MISSOURI","mid",84.583,82.35,8458.3,126.5,47.5,-33.5675337299273,84.2078084289327,0.445554370868085,-24.0450224466528
"279",1993,"NEBRASKA","mid",99.9860215053763,99.6,9298.7,134.5,49,-20.6974483182097,84.2078084289327,18.7372327707112,-24.0450224466528
"280",1993,"NORTH DAKOTA","north",36.9566666666667,37.75,1108.7,54.5,18.4,-19.2274628083519,84.2078084289327,-56.112541869729,-24.0450224466528
"281",1993,"OKLAHOMA","south",67.276,67.45,3363.8,142.6,10,-32.6660928398423,84.2078084289327,-20.1071714664351,-24.0450224466528
"282",1993,"SOUTH DAKOTA","north",56.9712121212121,56,3760.1,102.3,22.8,-23.0654335638581,84.2078084289327,-32.3445020311946,-24.0450224466528
"283",1993,"TENNESSEE","south",79.0340909090909,76,6955,114,52,-28.6373896983378,84.2078084289327,-6.14398785144507,-24.0450224466528
"284",1993,"TEXAS","south",92.6384,84.5,11579.8,202.7,39.5,-5.48736641881375,84.2078084289327,10.0116506157292,-24.0450224466528
"285",1993,"WISCONSIN","north",79.6676056338028,86.7,5656.4,108.1,31.3,-14.4938928528238,84.2078084289327,-5.3916648346947,-24.0450224466528
"286",1994,"ARKANSAS","south",111.342857142857,111.7,3897,144.8,71.4,34.1682267122846,115.406527186999,-3.52117869170227,37.0496742999753
"287",1994,"ILLINOIS","mid",147.362745098039,156,15031,184,91,17.7055599060298,115.406527186999,27.6901304371281,37.0496742999753
"288",1994,"INDIANA","mid",139.216304347826,139.7,12807.9,170.1,112.4,6.74050553791532,115.406527186999,20.6312222897466,37.0496742999753
"289",1994,"IOWA","mid",150.626262626263,151.1,14912,171.5,130.4,95.8368901438046,115.406527186999,30.5179752807177,37.0496742999753
"290",1994,"KANSAS","mid",116.142857142857,109,12195,195,53,22.7058681477904,115.406527186999,0.638031464775531,37.0496742999753
"291",1994,"KENTUCKY","mid",112.135238095238,110,11774.2,148,80,16.1184194752183,115.406527186999,-2.83457891983927,37.0496742999753
"292",1994,"MINNESOTA","north",127.075,134.5,10166,159,64,114.435454211107,115.406527186999,10.1107563821703,37.0496742999753
"293",1994,"MISSOURI","mid",108.012121212121,108.4,10693.2,156.3,65,27.6995628106371,115.406527186999,-6.40726842329861,37.0496742999753
"294",1994,"NEBRASKA","mid",134.302173913043,133.25,12355.8,171,96.7,34.3209499598121,115.406527186999,16.3731178700374,37.0496742999753
"295",1994,"NORTH DAKOTA","north",78.9148936170213,77.8,3709,122.1,38.5,113.533580635937,115.406527186999,-31.6200777022332,37.0496742999753
"296",1994,"OKLAHOMA","south",79.73,80,3986.5,148,40,18.5118021285451,115.406527186999,-30.9137862966717,37.0496742999753
"297",1994,"SOUTH DAKOTA","north",92.6666666666667,95.5,6116,137,25,62.6552485306242,115.406527186999,-19.7041372568868,37.0496742999753
"298",1994,"TENNESSEE","south",105.704545454545,107,9302,136,75,33.745506829619,115.406527186999,-8.40678769991342,37.0496742999753
"299",1994,"TEXAS","south",93.6894308943089,87.4,11523.8,185.4,41,1.13455208024851,115.406527186999,-18.8179098895343,37.0496742999753
"300",1994,"WISCONSIN","north",134.176811594203,136.1,9258.2,156.8,99,68.4207910188177,115.406527186999,16.2644911555037,37.0496742999753
"301",1995,"ARKANSAS","south",111.966666666667,117.5,3359,140,72,0.560260029082205,98.1452539269824,14.0826093842164,-14.9569298035003
"302",1995,"ILLINOIS","mid",107.362745098039,113.5,10951,133,64,-27.1439026012907,98.1452539269824,9.39168304349633,-14.9569298035003
"303",1995,"INDIANA","mid",112.054945054945,113,10197,132,87,-19.5101855491146,98.1452539269824,14.1725560548359,-14.9569298035003
"304",1995,"IOWA","mid",115.747474747475,119.8,11459,149.9,65,-23.155847639485,98.1452539269824,17.9348670630451,-14.9569298035003
"305",1995,"KANSAS","mid",101.609523809524,92,10669,170,30,-12.5133251332513,98.1452539269824,3.52973755115937,-14.9569298035003
"306",1995,"KENTUCKY","mid",96.9820754716981,95,10280.1,135,70,-13.5132924145309,98.1452539269824,-1.18516016693956,-14.9569298035003
"307",1995,"MINNESOTA","north",109.83950617284,110,8897,140,77,-13.5632451915487,98.1452539269824,11.915249875004,-14.9569298035003
"308",1995,"MISSOURI","mid",88.762,84.15,8876.2,153.8,62.8,-17.8221860621704,98.1452539269824,-9.56057837902513,-14.9569298035003
"309",1995,"NEBRASKA","mid",105.10652173913,105.7,9669.8,145.3,69.3,-21.7387785493452,98.1452539269824,7.09282164303844,-14.9569298035003
"310",1995,"NORTH DAKOTA","north",68.7382978723404,71.5,3230.7,93.2,38.5,-12.8956592073335,98.1452539269824,-29.9626878305496,-14.9569298035003
"311",1995,"OKLAHOMA","south",79.2020408163265,77.5,3880.9,160.5,28,-0.662183850085885,98.1452539269824,-19.3012013853967,-14.9569298035003
"312",1995,"SOUTH DAKOTA","north",71.4372881355932,70,4214.8,109.5,40,-22.9094012925253,98.1452539269824,-27.2126921300333,-14.9569298035003
"313",1995,"TENNESSEE","south",98.8333333333333,95,8302,147,63,-6.50039418046299,98.1452539269824,0.70108271039051,-14.9569298035003
"314",1995,"TEXAS","south",94.5060869565217,87.7,10868.2,190,40,0.871662955380814,98.1452539269824,-3.70793983901463,-14.9569298035003
"315",1995,"WISCONSIN","north",110.030303030303,110,7262,128,90,-17.9960369284428,98.1452539269824,12.1096524057728,-14.9569298035003
"316",1996,"ARKANSAS","south",118.619444444444,121.35,4270.3,141.7,76,5.94174853627072,110.114366029539,7.72385903999447,12.1953040250541
"317",1996,"ILLINOIS","mid",127.745098039216,133,13030,168,69,18.9845676193955,110.114366029539,16.011291392212,12.1953040250541
"318",1996,"INDIANA","mid",118.252747252747,119.1,10761,149,90.2,5.53103854074728,110.114366029539,7.39084418923575,12.1953040250541
"319",1996,"IOWA","mid",135.172727272727,135.9,13382.1,155.8,95.7,16.7824417488437,110.114366029539,22.7566684954313,12.1953040250541
"320",1996,"KANSAS","mid",128.8,131,13524,193,60,26.7597713000281,110.114366029539,16.9692971446143,12.1953040250541
"321",1996,"KENTUCKY","mid",109.904761904762,107,11540,155,85,13.3248194269001,110.114366029539,-0.190351297778114,12.1953040250541
"322",1996,"MINNESOTA","north",111.292682926829,115,9126,148,56,1.32300007950064,110.114366029539,1.07008462181393,12.1953040250541
"323",1996,"MISSOURI","mid",122.589,124.9,12258.9,160.4,70,38.1097767062482,110.114366029539,11.3287978855677,12.1953040250541
"324",1996,"NEBRASKA","mid",136.61847826087,135.65,12568.9,169.5,106.9,29.98097168504,110.114366029539,24.0696225088562,12.1953040250541
"325",1996,"NORTH DAKOTA","north",73.8755102040816,74.4,3619.9,111.1,37.4,7.4735809450533,110.114366029539,-32.9101979443229,12.1953040250541
"326",1996,"OKLAHOMA","south",92.496,86.6,4624.8,182.5,45.7,16.784869489036,110.114366029539,-16.0000612679484,12.1953040250541
"327",1996,"SOUTH DAKOTA","north",86.7737704918033,91,5293.2,139,35,21.4684554193887,110.114366029539,-21.1966852095163,12.1953040250541
"328",1996,"TENNESSEE","south",103.333333333333,100,8680,143,85,4.55311973018551,110.114366029539,-6.1581725806666,12.1953040250541
"329",1996,"TEXAS","south",80.3025423728814,57.05,9475.7,203.6,12.2,-15.0292378417644,110.114366029539,-27.0735097804228,12.1953040250541
"330",1996,"WISCONSIN","north",105.939393939394,105.5,6992,137,73,-3.717984026439,110.114366029539,-3.7914871970705,12.1953040250541
"331",1997,"ARKANSAS","south",120.207692307692,120.75,3125.4,142.3,91.7,1.33894394016634,110.498293215432,8.78692223175877,0.34866221342027
"332",1997,"ILLINOIS","mid",121.852941176471,128,12429,155,71,-4.61243284727552,110.498293215432,10.2758582333046,0.34866221342027
"333",1997,"INDIANA","mid",115.676086956522,119.15,10642.2,145.7,68.3,-2.17894328553593,110.498293215432,4.68585856886981,0.34866221342027
"334",1997,"IOWA","mid",136.038383838384,137.6,13467.8,149.9,109,0.640407708805046,110.498293215432,23.1135611960615,0.34866221342027
"335",1997,"KANSAS","mid",125.838095238095,117,13213,195,78,-2.29961549837328,110.498293215432,13.8823882037315,0.34866221342027
"336",1997,"KENTUCKY","mid",87.719387755102,84,8596.5,128,53,-20.1859990096558,110.498293215432,-20.614712496888,0.34866221342027
"337",1997,"MINNESOTA","north",121.036144578313,124,10046,152,79,8.75480884748725,110.498293215432,9.53666437393446,0.34866221342027
"338",1997,"MISSOURI","mid",107.72,108.5,10772,143.3,58,-12.1291469870869,110.498293215432,-2.51433133905055,0.34866221342027
"339",1997,"NEBRASKA","mid",127.60652173913,126.95,11739.8,154.8,93.1,-6.59644042040274,110.498293215432,15.4827988974853,0.34866221342027
"340",1997,"NORTH DAKOTA","north",74.004,68.8,3700.2,111.8,35,0.173927456559575,110.498293215432,-33.0270198330403,0.34866221342027
"341",1997,"OKLAHOMA","south",101.824074074074,100,5498.5,174.8,60,10.0848405056155,110.498293215432,-7.85009332627962,0.34866221342027
"342",1997,"SOUTH DAKOTA","north",90.6015625,90.5,5798.5,124,55,4.41123162737096,110.498293215432,-18.0063692718223,0.34866221342027
"343",1997,"TENNESSEE","south",88.9285714285714,86,7470,131,60,-13.9400921658986,110.498293215432,-19.5204117269097,0.34866221342027
"344",1997,"TEXAS","south",112.63305785124,96.4,13628.6,214,28,40.2608865460734,110.498293215432,1.93194353839122,0.34866221342027
"345",1997,"WISCONSIN","north",125.787878787879,128.5,8302,147,55,18.7356979405034,110.498293215432,13.8369427504532,0.34866221342027
"346",1998,"ARKANSAS","south",97.3,100.4,2821.7,139,35,-19.056760734626,110.80025877644,-12.1843206193943,0.273276221941066
"347",1998,"ILLINOIS","mid",133.264705882353,138.5,13593,172,73,9.36519430364469,110.80025877644,20.2747244040639,0.273276221941066
"348",1998,"INDIANA","mid",132.593258426966,135.7,11800.8,152.3,95.8,14.6246055823128,110.80025877644,19.6687263109174,0.273276221941066
"349",1998,"IOWA","mid",141.513131313131,145.4,14009.8,169.8,98.8,4.0244137869585,110.80025877644,27.7191343015364,0.273276221941066
"350",1998,"KANSAS","mid",121.2,120,12726,196,60,-3.68576402028306,110.80025877644,9.38602611438242,0.273276221941066
"351",1998,"KENTUCKY","mid",106.483168316832,108,10754.8,141,71,21.3906880131391,110.80025877644,-3.89628192865406,0.273276221941066
"352",1998,"MINNESOTA","north",137.81686746988,146,11438.8,171,89,13.8642245669918,110.80025877644,24.3831638949061,0.273276221941066
"353",1998,"MISSOURI","mid",104.842857142857,106.55,10274.6,133.5,68.2,-2.67094583841706,110.80025877644,-5.37670371835779,0.273276221941066
"354",1998,"NEBRASKA","mid",139.148913043478,142.05,12801.7,169.1,106.6,9.0452988977666,110.80025877644,25.5853682835135,0.273276221941066
"355",1998,"NORTH DAKOTA","north",85.2490196078431,81.1,4347.7,144.3,50,15.1951510835132,110.80025877644,-23.0606313114767,0.273276221941066
"356",1998,"OKLAHOMA","south",67.0946428571429,61.25,3757.3,184.1,25,-34.1072890008963,110.80025877644,-39.4454096063813,0.273276221941066
"357",1998,"SOUTH DAKOTA","north",107.361538461538,111,6978.5,145,48,18.4985506861854,110.80025877644,-3.10353094196273,0.273276221941066
"358",1998,"TENNESSEE","south",90.1851851851852,90,7305,129,65,1.41305964599137,110.80025877644,-18.6056186320373,0.273276221941066
"359",1998,"TEXAS","south",71.5112,50.8,8938.9,203.7,18.4,-36.5095813216324,110.80025877644,-35.459356512617,0.273276221941066
"360",1998,"WISCONSIN","north",126.439393939394,129,8345,161,70,0.517947482534331,110.80025877644,14.1147099615613,0.273276221941066
"361",1999,"ARKANSAS","south",128.052631578947,126,2433,158,90,31.6059934007681,114.720658076814,11.621249150442,3.53825825288392
"362",1999,"ILLINOIS","mid",130.607843137255,133,13322,170,72,-1.99367321415435,114.720658076814,13.8485825715915,3.53825825288392
"363",1999,"INDIANA","mid",126.122471910112,126.9,11224.9,160.4,74.2,-4.88017761507693,114.720658076814,9.9387625772368,3.53825825288392
"364",1999,"IOWA","mid",144.230303030303,148.5,14278.8,172.4,88.8,1.92008451226997,114.720658076814,25.7230436507171,3.53825825288392
"365",1999,"KANSAS","mid",118.038095238095,116,12394,202,65,-2.60883231180261,114.720658076814,2.89175220652917,3.53825825288392
"366",1999,"KENTUCKY","mid",87.5838383838384,88,8670.8,132,45,-17.7486547702637,114.720658076814,-23.654693189439,3.53825825288392
"367",1999,"MINNESOTA","north",134.743902439024,143,11049,172,62,-2.22974523167618,114.720658076814,17.4539134432119,3.53825825288392
"368",1999,"MISSOURI","mid",87.484375,86.6,8398.5,150,46.7,-16.5566664395694,114.720658076814,-23.7413936891623,3.53825825288392
"369",1999,"NEBRASKA","mid",132.855434782609,134.8,12222.7,161.4,87,-4.5228368107361,114.720658076814,15.8077690712443,3.53825825288392
"370",1999,"NORTH DAKOTA","north",87.7634615384615,91.1,4563.7,132.8,0,2.9495259208671,114.720658076814,-23.4981188133551,3.53825825288392
"371",1999,"OKLAHOMA","south",107.47962962963,106.6,5803.9,186.3,60,60.1910749543358,114.720658076814,-6.31187840845206,3.53825825288392
"372",1999,"SOUTH DAKOTA","north",100.157142857143,99.7,6309.9,135.4,48.2,-6.71040645247136,114.720658076814,-12.6947626206258,3.53825825288392
"373",1999,"TENNESSEE","south",94.8421052631579,93.5,7208,132,55,5.16373068194098,114.720658076814,-17.32778833987,3.53825825288392
"374",1999,"TEXAS","south",104.651666666667,92.4,12558.2,213.8,40,46.3430437003807,114.720658076814,-8.77696447958444,3.53825825288392
"375",1999,"WISCONSIN","north",136.19696969697,139,8989,160,60,7.71719592570401,114.720658076814,18.7205268695159,3.53825825288392
"376",2000,"ARKANSAS","south",126.241379310345,130,3661,145,100,-1.4144592315433,120.38707442204,4.86290153358284,4.93931645809742
"377",2000,"ILLINOIS","mid",146.156862745098,146.5,14908,177,96,11.9051193514487,120.38707442204,21.4057766971869,4.93931645809742
"378",2000,"INDIANA","mid",146.150561797753,146.2,13007.4,165.1,120,15.8798742082335,120.38707442204,21.4005427903282,4.93931645809742
"379",2000,"IOWA","mid",143.370707070707,144.2,14193.7,159.8,109.5,-0.595988458413854,120.38707442204,19.0914454554262,4.93931645809742
"380",2000,"KANSAS","mid",114.704761904762,112,12044,199,55,-2.82394707116346,120.38707442204,-4.72003538964456,4.93931645809742
"381",2000,"KENTUCKY","mid",125.126262626263,128,12387.5,165,64,42.8645569036306,120.38707442204,3.9366254450279,4.93931645809742
"382",2000,"MINNESOTA","north",130.467073170732,140,10698.3,165,78.3,-3.17404289980994,120.38707442204,8.37299086889878,4.93931645809742
"383",2000,"MISSOURI","mid",132.573737373737,136.5,13124.8,171.7,75.8,51.5399034098802,120.38707442204,10.1228998297398,4.93931645809742
"384",2000,"NEBRASKA","mid",119.83152173913,119.4,11024.5,165.2,53.7,-9.80307133448418,120.38707442204,-0.461472035579083,4.93931645809742
"385",2000,"NORTH DAKOTA","north",88.8846153846154,89.65,4622,157.4,43.7,1.27747222648289,120.38707442204,-26.167642322619,4.93931645809742
"386",2000,"OKLAHOMA","south",107.682352941176,100,5491.8,170.3,70,0.188615565801098,120.38707442204,-10.5532271980666,4.93931645809742
"387",2000,"SOUTH DAKOTA","north",91.880303030303,101.1,6064.1,143.2,0,-8.26385377091411,120.38707442204,-23.6792625193307,4.93931645809742
"388",2000,"TENNESSEE","south",105.662162162162,105,7819,150,71,11.4084950655428,120.38707442204,-12.2313066669074,4.93931645809742
"389",2000,"TEXAS","south",102.982905982906,96.6,12049,184.2,21,-1.59458586462458,120.38707442204,-14.4568414198025,4.93931645809742
"390",2000,"WISCONSIN","north",124.090909090909,128,8190,149,70,-8.88864167315607,120.38707442204,3.07660493175925,4.93931645809742
"391",2001,"ARKANSAS","south",140.807692307692,148,3661,163,100,11.5384615384615,121.996398639725,15.4195483454554,1.33679153298767
"392",2001,"ILLINOIS","mid",148.156862745098,148,15112,175,118,1.36839280922993,121.996398639725,21.443636367192,1.33679153298767
"393",2001,"INDIANA","mid",154.020224719101,158.2,13707.8,173.8,90.3,5.3846272122023,121.996398639725,26.2498126472956,1.33679153298767
"394",2001,"IOWA","mid",142.79898989899,143.3,14137.1,173.6,108.3,-0.398768467700461,121.996398639725,17.0518076690919,1.33679153298767
"395",2001,"KANSAS","mid",109.25,106,11362,181,42,-4.75547990700764,121.996398639725,-10.4481761608123,1.33679153298767
"396",2001,"KENTUCKY","mid",125.086813186813,128,11382.9,161,80,-0.0315277053924867,121.996398639725,2.53320145639245,1.33679153298767
"397",2001,"MINNESOTA","north",121.25243902439,125.5,9942.7,153,85,-7.06280437078789,121.996398639725,-0.609820964905789,1.33679153298767
"398",2001,"MISSOURI","mid",124.771134020619,123.6,12102.8,170.9,91.5,-5.88548192702946,121.996398639725,2.27444040302162,1.33679153298767
"399",2001,"NEBRASKA","mid",140.786813186813,140.1,12811.6,194.1,85,17.4872947815031,121.996398639725,15.402433806738,1.33679153298767
"400",2001,"NORTH DAKOTA","north",98.3145833333333,98.2,4719.1,147.3,60,10.6092240011539,121.996398639725,-19.4118970481482,1.33679153298767
"401",2001,"OKLAHOMA","south",91.9211538461538,90,4779.9,163.2,30.8,-14.6367521367521,121.996398639725,-24.6525677224198,1.33679153298767
"402",2001,"SOUTH DAKOTA","north",95.9772727272727,98.7,6334.5,137,0,4.45902936956846,121.996398639725,-21.3277819694426,1.33679153298767
"403",2001,"TENNESSEE","south",120.643835616438,121,8807,156,92,14.1788442974349,121.996398639725,-1.10869094364114,1.33679153298767
"404",2001,"TEXAS","south",97.4157407407407,90.5,10520.9,190.7,0,-5.40591197056463,121.996398639725,-20.1486750207891,1.33679153298767
"405",2001,"WISCONSIN","north",118.742424242424,120.5,7837,157,90,-4.31013431013431,121.996398639725,-2.66727086502822,1.33679153298767
"406",2002,"ARKANSAS","south",133.30303030303,135,4399,167,90,-5.32972445018335,111.03058663339,20.0597370012832,-8.98863583565185
"407",2002,"ILLINOIS","mid",120.852941176471,128.5,12327,178,46,-18.4290629962943,111.03058663339,8.84653034889614,-8.98863583565185
"408",2002,"INDIANA","mid",112.239325842697,113.1,9989.3,162.9,64,-27.1268912589912,111.03058663339,1.08865425821575,-8.98863583565185
"409",2002,"IOWA","mid",159.655555555556,163.5,15805.9,195.3,96.6,11.8044011855331,111.03058663339,43.7942105833585,-8.98863583565185
"410",2002,"KANSAS","mid",98.552380952381,90,10348,191,18,-9.79187098180233,111.03058663339,-11.238529903666,-8.98863583565185
"411",2002,"KENTUCKY","mid",91.4127659574468,94.5,8592.8,125,45.8,-26.9205413196316,111.03058663339,-17.6688435779586,-8.98863583565185
"412",2002,"MINNESOTA","north",145.120731707317,149,11899.9,173,89,19.6847938688686,111.03058663339,30.7033819306822,-8.98863583565185
"413",2002,"MISSOURI","mid",101.413541666667,99.15,9735.7,146.7,72.9,-18.7203494921286,111.03058663339,-8.66161772023953,-8.98863583565185
"414",2002,"NEBRASKA","mid",125.094505494505,131.8,11383.6,181.3,32.5,-11.1461488026476,111.03058663339,12.6667067945453,-8.98863583565185
"415",2002,"NORTH DAKOTA","north",88.784,87.35,4439.2,137,34.2,-9.69396706999215,111.03058663339,-20.0364487912199,-8.98863583565185
"416",2002,"OKLAHOMA","south",98.9037037037037,95.15,5340.8,176.9,46.7,7.59623826005968,111.03058663339,-10.9221101116291,-8.98863583565185
"417",2002,"SOUTH DAKOTA","north",72.0575757575758,69.75,4755.8,137,0,-24.9222511642592,111.03058663339,-35.1011483029435,-8.98863583565185
"418",2002,"TENNESSEE","south",94.6710526315789,96,7195,126,55,-21.5284791403967,111.03058663339,-14.7342588180936,-8.98863583565185
"419",2002,"TEXAS","south",91.8067796610169,78.65,10833.2,218,0,-5.75775643348164,111.03058663339,-17.3139740636047,-8.98863583565185
"420",2002,"WISCONSIN","north",131.590909090909,130.5,8685,166,94,10.8204670154396,111.03058663339,18.5177103723738,-8.98863583565185
"421",2003,"ARKANSAS","south",140.714285714286,140,4925,180,100,5.55970512778878,119.851171575551,17.407517894461,7.94428383170196
"422",2003,"ILLINOIS","mid",151.637254901961,160,15467,194,55,25.4725399529488,119.851171575551,26.5212954604897,7.94428383170196
"423",2003,"INDIANA","mid",144.004494382022,144,12816.4,164.1,117.5,28.3012823721382,119.851171575551,20.1527632053612,7.94428383170196
"424",2003,"IOWA","mid",152.651515151515,157.1,15112.5,180.9,104.8,-4.38696942281047,119.851171575551,27.3675619059662,7.94428383170196
"425",2003,"KANSAS","mid",105.865384615385,97.5,11010,194,36,7.42042312152478,119.851171575551,-11.6692951569103,7.94428383170196
"426",2003,"KENTUCKY","mid",121.80752688172,118,11328.1,183,62,33.2500177693152,119.851171575551,1.63232055260857,7.94428383170196
"427",2003,"MINNESOTA","north",129.993902439024,137,10659.5,172,60,-10.4236170051849,119.851171575551,8.4627715608772,7.94428383170196
"428",2003,"MISSOURI","mid",97.8916666666667,98.55,9397.6,158.9,40.3,-3.47278572675821,119.851171575551,-18.3223114302569,7.94428383170196
"429",2003,"NEBRASKA","mid",138.954945054945,141.5,12644.9,199.2,58.3,11.0799747004463,119.851171575551,15.9395800877525,7.94428383170196
"430",2003,"NORTH DAKOTA","north",83.575,82.8,4345.9,134.7,25.4,-5.8670481167778,119.851171575551,-30.2676820749167,7.94428383170196
"431",2003,"OKLAHOMA","south",103.440816326531,95,5068.6,182,50,4.58740416478156,119.851171575551,-13.692277708504,7.94428383170196
"432",2003,"SOUTH DAKOTA","north",86.7954545454545,85.5,5728.5,153.5,0,20.4529206442659,119.851171575551,-27.5806373818037,7.94428383170196
"433",2003,"TENNESSEE","south",121.039473684211,123,9199,150,67,27.8526754690757,119.851171575551,0.991481429041254,7.94428383170196
"434",2003,"TEXAS","south",96.380701754386,90.55,10987.4,204.6,0,4.98211799853732,119.851171575551,-19.5830124250137,7.94428383170196
"435",2003,"WISCONSIN","north",123.015151515152,125,8119,157,80,-6.51698330454807,119.851171575551,2.63992408084761,7.94428383170196
"436",2004,"ARKANSAS","south",140.823529411765,140,4788,164,120,0.0776351149596843,135.881064161137,3.63734658772334,13.3748317808325
"437",2004,"ILLINOIS","mid",174,179,17748,200,132,14.7475269929527,135.881064161137,28.0531625758085,13.3748317808325
"438",2004,"INDIANA","mid",163.629213483146,165,14563,188.6,129.6,13.6278518148622,135.881064161137,20.4209096339597,13.3748317808325
"439",2004,"IOWA","mid",179.387878787879,181.4,17759.4,195.5,153,17.5146401985111,135.881064161137,32.0183057847913,13.3748317808325
"440",2004,"KANSAS","mid",142.847619047619,141,14999,220,56,34.9332641321742,135.881064161137,5.12695049121797,13.3748317808325
"441",2004,"KENTUCKY","mid",135.803157894737,138,12901.3,192,85,11.4899558108644,135.881064161137,-0.0573341597532486,13.3748317808325
"442",2004,"MINNESOTA","north",139.653333333333,150,10474,192,49,7.43067998811702,135.881064161137,2.7761551585455,13.3748317808325
"443",2004,"MISSOURI","mid",151.894791666667,152.35,14581.9,183.1,100,55.1662126500383,135.881064161137,11.7851060443117,13.3748317808325
"444",2004,"NEBRASKA","mid",158.913186813187,161.1,14461.1,193.8,79.2,14.363102911055,135.881064161137,16.9502077380968,13.3748317808325
"445",2004,"NORTH DAKOTA","north",69.9021739130435,67,3215.5,127.9,30.4,-16.3599474567233,135.881064161137,-48.5563537902908,13.3748317808325
"446",2004,"OKLAHOMA","south",112.486666666667,106.7,5061.9,211.4,65,8.74495258388246,135.881064161137,-17.2168194581756,13.3748317808325
"447",2004,"SOUTH DAKOTA","north",102.412121212121,111.6,6759.2,171.6,0,17.9924936719909,135.881064161137,-24.6310574292577,13.3748317808325
"448",2004,"TENNESSEE","south",130.215189873418,131,10287,161,75,7.58076345667733,135.881064161137,-4.16973058218081,13.3748317808325
"449",2004,"TEXAS","south",115.519827586207,98.7,13400.3,225.8,0,19.8578402973186,135.881064161137,-14.9846019389315,13.3748317808325
"450",2004,"WISCONSIN","north",120.727272727273,117,7968,182,76,-1.85983495504372,135.881064161137,-11.1522466558653,13.3748317808325
"451",2005,"ARKANSAS","south",132.5,134.5,4505,175,78,-5.91060985797828,124.988117065652,6.01007768634696,-8.01653060544752
"452",2005,"ILLINOIS","mid",137.352941176471,136.5,14010,181,84,-21.0615280594997,124.988117065652,9.89279973257275,-8.01653060544752
"453",2005,"INDIANA","mid",150.2,151.1,13367.8,178.6,109.4,-8.20710018540136,124.988117065652,20.1714239131269,-8.01653060544752
"454",2005,"IOWA","mid",168.586868686869,174.7,16690.1,193,115,-6.02103674673693,124.988117065652,34.8823173312673,-8.01653060544752
"455",2005,"KANSAS","mid",123.504854368932,118,12721,206,59,-13.5408379976141,124.988117065652,-1.18672297138526,-8.01653060544752
"456",2005,"KENTUCKY","mid",108.317391304348,109,9965.2,153,46,-20.2394163850694,124.988117065652,-13.3378485512728,-8.01653060544752
"457",2005,"MINNESOTA","north",153.389873417722,166,12117.8,191,0,9.83617057789874,124.988117065652,22.7235652627289,-8.01653060544752
"458",2005,"MISSOURI","mid",98.0914893617021,92.7,9220.6,159.5,48.1,-35.4214267089789,124.988117065652,-21.5193478671433,-8.01653060544752
"459",2005,"NEBRASKA","mid",150.164835164835,151.6,13665,197.4,59.6,-5.50511371887341,124.988117065652,20.1432893704276,-8.01653060544752
"460",2005,"NORTH DAKOTA","north",104.660869565217,105.9,4814.4,146.6,53,49.7247706422018,124.988117065652,-16.2633440503447,-8.01653060544752
"461",2005,"OKLAHOMA","south",87.7571428571429,82.5,4300.1,165,50,-21.9844045008509,124.988117065652,-29.7876110806222,-8.01653060544752
"462",2005,"SOUTH DAKOTA","north",97.8092307692308,98.5,6357.6,172.1,0,-4.49447818130503,124.988117065652,-21.7451762091472,-8.01653060544752
"463",2005,"TENNESSEE","south",124.719512195122,127.5,10227,154,90,-4.22045821508085,124.988117065652,-0.21490432597604,-8.01653060544752
"464",2005,"TEXAS","south",100.463716814159,77.9,11352.4,229.4,25.2,-13.0333563394664,124.988117065652,-19.6213854782778,-8.01653060544752
"465",2005,"WISCONSIN","north",137.30303030303,143,9062,174,71,13.7299196787149,124.988117065652,9.85286723769882,-8.01653060544752
"466",2006,"ARKANSAS","south",141.815789473684,139.5,5389,183,100,7.03078450844092,122.81050396188,15.4752931538358,-1.74225610793711
"467",2006,"ILLINOIS","mid",154.156862745098,156.5,15724,188,110,12.2341184867951,122.81050396188,25.524167536148,-1.74225610793711
"468",2006,"INDIANA","mid",153.501136363636,154.1,13508.1,177.1,119.2,2.19782713957148,122.81050396188,24.9902340692963,-1.74225610793711
"469",2006,"IOWA","mid",164.463636363636,166.5,16281.9,185.5,109.3,-2.4457612596689,122.81050396188,33.9165877982922,-1.74225610793711
"470",2006,"KANSAS","mid",102.699029126214,98,10578,186,37,-16.8461598930902,122.81050396188,-16.3760217464046,-1.74225610793711
"471",2006,"KENTUCKY","mid",134.532608695652,137.5,12377,169,92.1,24.2022237386104,122.81050396188,9.54487145286086,-1.74225610793711
"472",2006,"MINNESOTA","north",141.942857142857,155,10929.6,181,67,-7.46269360539278,122.81050396188,15.5787596042401,-1.74225610793711
"473",2006,"MISSOURI","mid",128.988235294118,132,10964,172,69,31.4978864460779,122.81050396188,5.03029556344388,-1.74225610793711
"474",2006,"NEBRASKA","mid",147.840659340659,147.4,13453.5,187.6,67,-1.54774972557629,122.81050396188,20.381119343463,-1.74225610793711
"475",2006,"NORTH DAKOTA","north",81.24375,77.6,3899.7,139.2,22.5,-22.3742833998006,122.81050396188,-33.84625306544,-1.74225610793711
"476",2006,"OKLAHOMA","south",73.9767441860465,71.4,3181,172.4,34.5,-15.7028798140443,122.81050396188,-39.7635040981441,-1.74225610793711
"477",2006,"SOUTH DAKOTA","north",77.4383333333333,76.55,4646.3,149.3,0,-20.827172727654,122.81050396188,-36.9448615263643,-1.74225610793711
"478",2006,"TENNESSEE","south",111.708860759494,113,8825,151,70,-10.4319293802828,122.81050396188,-9.03965283444514,-1.74225610793711
"479",2006,"TEXAS","south",96.8490566037736,79.5,10266,208,26,-3.59797579167035,122.81050396188,-21.1394355699125,-1.74225610793711
"480",2006,"WISCONSIN","north",131,136.5,8646,177,61,-4.59059810196425,122.81050396188,6.66840031913057,-1.74225610793711
"481",2007,"ARKANSAS","south",159.777777777778,168,5752,191,95,12.6657182326138,130.898874557409,22.0619950461858,6.58605765353724
"482",2007,"ILLINOIS","mid",164.06862745098,177,16735,204,79,6.4296616636988,130.898874557409,25.3399832548016,6.58605765353724
"483",2007,"INDIANA","mid",149.438202247191,149.6,13300,186.8,105.7,-2.6468430219438,130.898874557409,14.1630917396856,6.58605765353724
"484",2007,"IOWA","mid",169.047474747475,171.1,16735.7,198.5,137.6,2.78714400653486,130.898874557409,29.1435662216748,6.58605765353724
"485",2007,"KANSAS","mid",128.326732673267,121,12961,215,77,24.9541828828374,130.898874557409,-1.96498395638519,6.58605765353724
"486",2007,"KENTUCKY","mid",115.960674157303,114,10320.5,164,57,-13.8047828838013,130.898874557409,-11.4120159173365,6.58605765353724
"487",2007,"MINNESOTA","north",130.019480519481,137,10011.5,176,59,-8.40012443273314,130.898874557409,-0.671811763777232,6.58605765353724
"488",2007,"MISSOURI","mid",131.47191011236,130,11701,184,40,1.92550492111054,130.898874557409,0.437769657598581,6.58605765353724
"489",2007,"NEBRASKA","mid",154.927472527473,158.3,14098.4,198.8,84.5,4.79354814732227,130.898874557409,18.3566115837955,6.58605765353724
"490",2007,"NORTH DAKOTA","north",94.7057692307692,96.45,4924.7,135.8,52.1,16.5699136619977,130.898874557409,-27.6496688371194,6.58605765353724
"491",2007,"OKLAHOMA","south",115.853846153846,115,6024.4,190,70,56.6084685512538,130.898874557409,-11.4936270112579,6.58605765353724
"492",2007,"SOUTH DAKOTA","north",105.38,110.65,6322.8,157.2,28.4,36.0824742268041,130.898874557409,-19.4951061601505,6.58605765353724
"493",2007,"TENNESSEE","south",95.1410256410256,94.5,7421,153,63,-14.8312631655408,130.898874557409,-27.3171553516306,6.58605765353724
"494",2007,"TEXAS","south",126.258064516129,112,11742,223,50,30.3658176379279,130.898874557409,-3.5453399098896,6.58605765353724
"495",2007,"WISCONSIN","north",123.106060606061,127,8125,175,49,-6.02590793430488,130.898874557409,-5.95330859619487,6.58605765353724
"496",2008,"ARKANSAS","south",147.970588235294,151,5031,177,114,-7.38975701546265,131.397614547301,12.6128421319451,0.381011671474174
"497",2008,"ILLINOIS","mid",170.82,170.5,17082,207,131,4.11496862862264,131.397614547301,30.0023600797618,0.381011671474174
"498",2008,"INDIANA","mid",151.164835164835,151,13756,194,105,1.15541601255886,131.397614547301,15.0438200005663,0.381011671474174
"499",2008,"IOWA","mid",165.848484848485,171,16419,196,103,-1.89236183727003,131.397614547301,26.2187943212483,0.381011671474174
"500",2008,"KANSAS","mid",126.295081967213,129,7704,182,71,-1.58318587540679,131.397614547301,-3.88327641842486,0.381011671474174
"501",2008,"KENTUCKY","mid",119.629213483146,117,10647,170,70,3.16360641441791,131.397614547301,-8.95632778776112,0.381011671474174
"502",2008,"MINNESOTA","north",151.72602739726,156,11076,185,87,16.6948420275587,131.397614547301,15.4709146889734,0.381011671474174
"503",2008,"MISSOURI","mid",137.202127659574,136,12897,174,90,4.35851091105144,131.397614547301,4.4175178767676,0.381011671474174
"504",2008,"NEBRASKA","mid",158.241379310345,159,13767,199,103,2.13900525762767,131.397614547301,20.4294155990025,0.381011671474174
"505",2008,"NORTH DAKOTA","north",96.195652173913,98,4425,146,17,1.57317020414398,131.397614547301,-26.7904120593575,0.381011671474174
"506",2008,"OKLAHOMA","south",93.1111111111111,86,2514,174,58,-19.6305395096976,131.397614547301,-29.137898407134,0.381011671474174
"507",2008,"SOUTH DAKOTA","north",117.196721311475,119,7149,165,50,11.2134383293561,131.397614547301,-10.8075730938888,0.381011671474174
"508",2008,"TENNESSEE","south",110.018518518519,113,5941,149,35,15.6373055443262,131.397614547301,-16.2705358863928,0.381011671474174
"509",2008,"TEXAS","south",97.4838709677419,75,6044,216,24,-22.7899846704139,131.397614547301,-25.8100146615301,0.381011671474174
"510",2008,"WISCONSIN","north",128.060606060606,132,8452,165,55,4.02461538461538,131.397614547301,-2.53962638377573,0.381011671474174
"511",2009,"ARKANSAS","south",148.677419354839,151,4609,174,70,0.477683523444972,142.103245818324,4.62633594233279,8.14750808673848
"512",2009,"ILLINOIS","mid",166.811881188119,167,16848,193,121,-2.346399023464,142.103245818324,17.3878050620914,8.14750808673848
"513",2009,"INDIANA","mid",168.244444444444,169,15142,196,134,11.2986656327744,142.103245818324,18.3959194426434,8.14750808673848
"514",2009,"IOWA","mid",176.747474747475,179,17498,206.6,134.4,6.57165479018211,142.103245818324,24.3796183047378,8.14750808673848
"515",2009,"KANSAS","mid",145.457831325301,141,12073,225,91,15.1729972850905,142.103245818324,2.36066775791027,8.14750808673848
"516",2009,"KENTUCKY","mid",153.366666666667,156,13803,182,113,28.2016843555305,142.103245818324,7.92622348876017,8.14750808673848
"517",2009,"MINNESOTA","north",161.513513513514,174.5,11952,193,79,6.45076278879095,142.103245818324,13.6592711752728,8.14750808673848
"518",2009,"MISSOURI","mid",145.587628865979,146,14122,185,110,6.11178656588403,142.103245818324,2.45200806469264,8.14750808673848
"519",2009,"NEBRASKA","mid",173.772941176471,178.1,14770.7,212,114.5,9.81510773845384,142.103245818324,22.2863982984847,8.14750808673848
"520",2009,"NORTH DAKOTA","north",105.53125,102,3377,140,80,9.70480225988701,142.103245818324,-25.7362142628892,8.14750808673848
"521",2009,"OKLAHOMA","south",68.7777777777778,61,1238,186,43,-26.1336515513127,142.103245818324,-51.600135956283,8.14750808673848
"522",2009,"SOUTH DAKOTA","north",136.413793103448,139.5,7912,189,51,16.3972776515645,142.103245818324,-4.0037457850538,8.14750808673848
"523",2009,"TENNESSEE","south",138.855072463768,142,9581,181,99,26.2106364760727,142.103245818324,-2.28578406907655,8.14750808673848
"524",2009,"TEXAS","south",97.7441176470588,66.8,6646.6,224.2,19.3,0.266963833845923,142.103245818324,-31.2161259342221,8.14750808673848
"525",2009,"WISCONSIN","north",144.046875,148.5,9219,178,90,12.4833619261713,142.103245818324,1.36775847059878,8.14750808673848
"526",2010,"ARKANSAS","south",143.44358974359,150,5594.3,181,80,-3.52025857992446,132.68308739398,8.10992761847509,-6.62909447993019
"527",2010,"ILLINOIS","mid",151.576,154.75,15157.6,189.8,95.8,-9.13357075023742,132.68308739398,14.2391264607227,-6.62909447993019
"528",2010,"INDIANA","mid",151.34347826087,154.1,13923.6,181.6,83.9,-10.0454824760384,132.68308739398,14.0638805091118,-6.62909447993019
"529",2010,"IOWA","mid",154.60202020202,167.3,15305.6,196.5,71.2,-12.5294319350783,132.68308739398,16.519763926623,-6.62909447993019
"530",2010,"KANSAS","mid",114.275789473684,108.3,10856.2,181.6,57.8,-21.4371694995793,132.68308739398,-13.8731305412259,-6.62909447993019
"531",2010,"KENTUCKY","mid",122.166666666667,123.2,10995,156.8,76.5,-20.3434036079113,132.68308739398,-7.92596926546223,-6.62909447993019
"532",2010,"MINNESOTA","north",166.052631578947,173.35,12620,195.4,95.8,2.81036426407384,132.68308739398,25.1498098517125,-6.62909447993019
"533",2010,"MISSOURI","mid",117.030526315789,119.1,11117.9,159.5,65.3,-19.6150612333127,132.68308739398,-11.7969527131313,-6.62909447993019
"534",2010,"NEBRASKA","mid",160.061363636364,161.25,14085.4,202.4,100,-7.89051359048042,132.68308739398,20.6343376387441,-6.62909447993019
"535",2010,"NORTH DAKOTA","north",111.845833333333,113.2,5368.6,147.9,41,5.98361464810977,132.68308739398,-15.704529092524,-6.62909447993019
"536",2010,"OKLAHOMA","south",101.007407407407,94.2,2727.2,182,65.9,46.8605277329025,132.68308739398,-23.8731858059023,-6.62909447993019
"537",2010,"SOUTH DAKOTA","north",118.54262295082,123.1,7231.1,169.5,57,-13.1007061280644,132.68308739398,-10.6573224371638,-6.62909447993019
"538",2010,"TENNESSEE","south",109.09014084507,110.2,7745.4,148.2,70,-21.4359699581478,132.68308739398,-17.7814271677703,-6.62909447993019
"539",2010,"TEXAS","south",115.757471264368,100.1,10070.9,233.2,35,18.4290922573498,132.68308739398,-12.7564231900591,-6.62909447993019
"540",2010,"WISCONSIN","north",153.450769230769,155.8,9974.3,182,106.7,6.52835698849366,132.68308739398,15.6520942078497,-6.62909447993019
"541",2011,"ARKANSAS","south",130.621875,140.55,4179.9,176.2,50,-8.93850660493717,121.211040903313,7.76400732685237,-8.64620104640983
"542",2011,"ILLINOIS","mid",149.846464646465,151.2,14834.8,186.5,109.2,-1.14103509363972,121.211040903313,23.6244351420047,-8.64620104640983
"543",2011,"INDIANA","mid",138.977011494253,141.2,12091,175.9,97,-8.17112630733959,121.211040903313,14.6570563692392,-8.64620104640983
"544",2011,"IOWA","mid",164.769696969697,172.8,16312.2,196.5,97.8,6.57667781726949,121.211040903313,35.9362115379654,-8.64620104640983
"545",2011,"KANSAS","mid",92.4870967741935,97.1,8601.3,163.1,21.7,-19.0667619097991,121.211040903313,-23.6974651113108,-8.64620104640983
"546",2011,"KENTUCKY","mid",131.045054945055,132.8,11925.1,162.5,85.1,7.26743924561113,121.211040903313,8.11313389312987,-8.64620104640983
"547",2011,"MINNESOTA","north",145.597297297297,146.35,10774.2,183.6,70,-12.3185848288859,121.211040903313,20.1188408351652,-8.64620104640983
"548",2011,"MISSOURI","mid",105.404761904762,112.05,8854,171,34.4,-9.93395892252691,121.211040903313,-13.0402963960677,-8.64620104640983
"549",2011,"NEBRASKA","mid",155.082954545455,159.5,13647.3,198.2,88.4,-3.11031280616808,121.211040903313,27.9445778121488,-8.64620104640983
"550",2011,"NORTH DAKOTA","north",96.6208333333333,98,4637.8,128.3,36.4,-13.6124874268897,121.211040903313,-20.2871020549972,-8.64620104640983
"551",2011,"OKLAHOMA","south",48.2347826086957,28.8,1109.4,153.3,10.4,-52.2462917851722,121.211040903313,-60.2059496814556,-8.64620104640983
"552",2011,"SOUTH DAKOTA","north",118.156451612903,120.15,7325.7,163.1,67.2,-0.325765811742385,121.211040903313,-2.52005862473049,-8.64620104640983
"553",2011,"TENNESSEE","south",124.446153846154,125.8,8089,170.3,78.3,14.0764443808832,121.211040903313,2.66899196536202,-8.64620104640983
"554",2011,"TEXAS","south",70.3314285714286,57.35,4923.2,158.6,11.1,-39.2424283260256,121.211040903313,-41.9760542873893,-8.64620104640983
"555",2011,"WISCONSIN","north",146.54375,149.35,9378.8,178.5,99.3,-4.50113040514122,121.211040903313,20.8996712740835,-8.64620104640983
"556",2012,"ARKANSAS","south",165.729032258065,175,5137.6,201.2,41.7,26.8769356266433,105.328412139433,57.3450400435857,-13.1032855138572
"557",2012,"ILLINOIS","mid",91.4431578947368,97.4,8687.1,180.1,19,-38.975431879237,105.328412139433,-13.1828193007555,-13.1032855138572
"558",2012,"INDIANA","mid",91.5852272727273,91.3,8059.5,165.7,30.1,-34.1004484928685,105.328412139433,-13.0479370072654,-13.1032855138572
"559",2012,"IOWA","mid",130.334343434343,132.1,12903.1,170.6,44.5,-20.8990816689349,105.328412139433,23.7409173716653,-13.1032855138572
"560",2012,"KANSAS","mid",86.5268817204301,75.9,8047,198.3,28.7,-6.44437468754723,105.328412139433,-17.8503881688769,-13.1032855138572
"561",2012,"KENTUCKY","mid",72.5677419354839,70.7,6748.8,114.2,26.1,-44.6238227257714,105.328412139433,-31.1033552471873,-13.1032855138572
"562",2012,"MINNESOTA","north",158.202666666667,164,11865.2,194.5,105,8.65769461615091,105.328412139433,50.1994224096329,-13.1032855138572
"563",2012,"MISSOURI","mid",66.4373626373626,60.4,6045.8,160.1,22.3,-36.969296797623,105.328412139433,-36.9236075168274,-13.1032855138572
"564",2012,"NEBRASKA","mid",134.577906976744,141.1,11573.7,206.6,68.1,-13.2219866643696,105.328412139433,27.7698051676602,-13.1032855138572
"565",2012,"NORTH DAKOTA","north",102.216,99.5,5110.8,155.4,45.9,5.79084910949157,105.328412139433,-2.95495970765534,-13.1032855138572
"566",2012,"OKLAHOMA","south",87.5454545454545,79.2,2889,183.5,23.1,81.4985987511677,105.328412139433,-16.8833434709315,-13.1032855138572
"567",2012,"SOUTH DAKOTA","north",85.8034482758621,79.75,4976.6,156.7,21.3,-27.381495377869,105.328412139433,-18.5372241610595,-13.1032855138572
"568",2012,"TENNESSEE","south",80.3060606060606,81.2,5300.2,134,21,-35.4692305675122,105.328412139433,-23.7565069339964,-13.1032855138572
"569",2012,"TEXAS","south",105.582716049383,97.8,8552.2,199.1,30.3,50.1216713409325,105.328412139433,0.241439042689311,-13.1032855138572
"570",2012,"WISCONSIN","north",121.068181818182,120,7990.5,167.1,60,-17.3842747860746,105.328412139433,14.9435174793219,-13.1032855138572
"571",2013,"ARKANSAS","south",176.396153846154,185.95,4586.3,201.6,98.1,6.43648336247995,142.208381385124,24.0406171057135,35.0142649040115
"572",2013,"ILLINOIS","mid",173.692708333333,174.75,16674.5,199.8,136.1,89.9460958394247,142.208381385124,22.1395719728678,35.0142649040115
"573",2013,"INDIANA","mid",175.033333333333,178.8,14177.7,211.5,145.8,91.1152470169779,142.208381385124,23.0822906698547,35.0142649040115
"574",2013,"IOWA","mid",159.809090909091,160.5,15821.1,196,109.1,22.6147204935248,142.208381385124,12.3767033648331,35.0142649040115
"575",2013,"KANSAS","mid",119.602380952381,116,10046.6,212.3,39.4,38.2256919171297,142.208381385124,-15.8963910653915,35.0142649040115
"576",2013,"KENTUCKY","mid",158.21875,160.65,12657.5,194,110,118.029038495733,142.208381385124,11.2583860802956,35.0142649040115
"577",2013,"MINNESOTA","north",147.579746835443,154.5,11658.8,189.9,74.2,-6.71475396404418,142.208381385124,3.77710891439859,35.0142649040115
"578",2013,"MISSOURI","mid",130.4125,129.9,10433,192.4,77.2,96.2939147838169,142.208381385124,-8.29478633413204,35.0142649040115
"579",2013,"NEBRASKA","mid",161.197590361446,169.3,13379.4,202.1,69.4,19.7801288359327,142.208381385124,13.3530870623555,35.0142649040115
"580",2013,"NORTH DAKOTA","north",105.887179487179,106.9,4129.6,136.5,58.5,3.59158985597117,142.208381385124,-25.5408306769067,35.0142649040115
"581",2013,"OKLAHOMA","south",95.8137931034483,78.4,2778.6,214.7,40.3,9.4446234826512,142.208381385124,-32.6243698365648,35.0142649040115
"582",2013,"SOUTH DAKOTA","north",124.238983050847,130.7,7330.1,171.6,61.6,44.7948602851174,142.208381385124,-12.6359629153025,35.0142649040115
"583",2013,"TENNESSEE","south",152.698305084746,155,9009.2,180.1,120,90.1454310326633,142.208381385124,7.37644546506279,35.0142649040115
"584",2013,"TEXAS","south",115.945205479452,94.7,8464,222.8,35.5,9.81456986314184,142.208381385124,-18.4680928436606,35.0142649040115
"585",2013,"WISCONSIN","north",136.6,141,8605.8,179.3,81.9,12.8289844189976,142.208381385124,-3.94377696342327,35.0142649040115
"586",2014,"ARKANSAS","south",179.553125,182.75,5745.7,205.8,95.7,1.789705208992,155.067849992087,15.7900396562942,9.04269388464349
"587",2014,"ILLINOIS","mid",194.592857142857,195.4,19070.1,236,142.3,12.0328302840522,155.067849992087,25.4888470774487,9.04269388464349
"588",2014,"INDIANA","mid",185.369662921348,186,16497.9,214.9,151.2,5.90534922187107,155.067849992087,19.5410028131608,9.04269388464349
"589",2014,"IOWA","mid",178.143434343434,176.7,17636.2,200.9,153.7,11.4726536081562,155.067849992087,14.8809597556974,9.04269388464349
"590",2014,"KANSAS","mid",143.106172839506,143.3,11591.6,211.7,77.6,19.6516086886959,155.067849992087,-7.71383439777551,9.04269388464349
"591",2014,"KENTUCKY","mid",152.206172839506,152.4,12328.7,199.1,97.7,-3.80016727505041,155.067849992087,-1.8454354998322,9.04269388464349
"592",2014,"MINNESOTA","north",144.231506849315,150.3,10528.9,186.3,81.6,-2.26876658750566,155.067849992087,-6.98813012711828,9.04269388464349
"593",2014,"MISSOURI","mid",175.395833333333,179.55,12628.5,209.7,122.2,34.4931147959999,155.067849992087,13.1090895645255,9.04269388464349
"594",2014,"NEBRASKA","mid",171.847058823529,177.2,14607,222.7,90.3,6.60646876805344,155.067849992087,10.8205594082197,9.04269388464349
"595",2014,"NORTH DAKOTA","north",109.853658536585,111.1,4504,150.6,69.7,3.74594834673647,155.067849992087,-29.1576825614134,9.04269388464349
"596",2014,"OKLAHOMA","south",128.339393939394,132.4,4235.2,196.9,32.5,33.9466790557268,155.067849992087,-17.2366200047635,9.04269388464349
"597",2014,"SOUTH DAKOTA","north",134.001754385965,137.1,7638.1,187.5,53.6,7.85805799064039,155.067849992087,-13.585082663619,9.04269388464349
"598",2014,"TENNESSEE","south",160.831147540984,162.5,9810.7,194.2,108.8,5.32608561157522,155.067849992087,3.71662955873254,9.04269388464349
"599",2014,"TEXAS","south",123.324096385542,112.8,10235.9,223.7,38.8,6.36411904707677,155.067849992087,-20.4708800748604,9.04269388464349
"600",2014,"WISCONSIN","north",145.221875,146.5,9294.2,187.4,95,6.31176793557835,155.067849992087,-6.34946250469657,9.04269388464349
"601",2015,"ARKANSAS","south",175.327586206897,179.9,5084.5,199.8,103.5,-2.35336410497086,150.222750861935,16.7117398669093,-3.12450268085821
"602",2015,"ILLINOIS","mid",172.042553191489,171.35,16172,220.5,92.5,-11.5884541100154,150.222750861935,14.5249652295401,-3.12450268085821
"603",2015,"INDIANA","mid",152.731818181818,156.75,13440.4,190.5,97.6,-17.6068965251225,150.222750861935,1.67023124359468,-3.12450268085821
"604",2015,"IOWA","mid",187.759793814433,192.9,18212.7,209.6,142.4,5.39809929366228,150.222750861935,24.9875885890263,-3.12450268085821
"605",2015,"KANSAS","mid",141.19552238806,136,9460.1,222.1,86.4,-1.33512790785709,150.222750861935,-6.0092285769495,-3.12450268085821
"606",2015,"KENTUCKY","mid",162.143209876543,167.6,13133.6,192.7,103.2,6.52866887830834,150.222750861935,7.93518887532835,-3.12450268085821
"607",2015,"MINNESOTA","north",177.893333333333,185.3,13342,207.4,114.9,23.3387470042771,150.222750861935,18.4197016181855,-3.12450268085821
"608",2015,"MISSOURI","mid",134.601587301587,135.7,8479.9,194.8,87.7,-23.2583894705287,150.222750861935,-10.3986669600428,-3.12450268085821
"609",2015,"NEBRASKA","mid",178.910975609756,184.4,14670.7,224,116.4,4.11058346566213,150.222750861935,19.0971238265952,-3.12450268085821
"610",2015,"NORTH DAKOTA","north",111.295348837209,107.9,4785.7,160.5,62.7,1.31237349745963,150.222750861935,-25.9131202173913,-3.12450268085821
"611",2015,"OKLAHOMA","south",93.4863636363636,88.5,2056.7,168.3,61.6,-27.1569229316207,150.222750861935,-37.7681721976426,-3.12450268085821
"612",2015,"SOUTH DAKOTA","north",148.915217391304,155.95,6850.1,193.8,69.7,11.1293042943186,150.222750861935,-0.870396436710255,-3.12450268085821
"613",2015,"TENNESSEE","south",155.556603773585,156.2,8244.5,181.4,114.7,-3.27955364868278,150.222750861935,3.55062923628149,-3.12450268085821
"614",2015,"TEXAS","south",106.150704225352,96.1,7536.7,219.4,34.3,-13.9254149541884,150.222750861935,-29.3377976263315,-3.12450268085821
"615",2015,"WISCONSIN","north",155.33064516129,157.95,9630.5,194.2,107.1,6.96091422954725,150.222750861935,3.40021352960718,-3.12450268085821
"616",2016,"ARKANSAS","south",167.407407407407,172.9,4520,190.9,110,-4.5173603143905,154.043449743495,8.67544688603498,2.54335568989235
"617",2016,"ILLINOIS","mid",183.528125,195.3,17618.7,236,93.9,6.67600636903289,154.043449743495,19.1404927022875,2.54335568989235
"618",2016,"INDIANA","mid",166.717647058824,165,14171,212.3,126.3,9.15711542198501,154.043449743495,8.22767689014587,2.54335568989235
"619",2016,"IOWA","mid",200.142424242424,202.3,19814.1,219.7,159.9,6.59493184160038,154.043449743495,29.9259556804859,2.54335568989235
"620",2016,"KANSAS","mid",135.990666666667,132.6,10199.3,194.2,72.4,-3.68627533887944,154.043449743495,-11.7192799219236,2.54335568989235
"621",2016,"KENTUCKY","mid",153.871794871795,153.3,12002,187.7,119,-5.10130212115959,154.043449743495,-0.11143276262998,2.54335568989235
"622",2016,"MINNESOTA","north",182.154430379747,189.2,14390.2,209.4,113.5,2.39531013701852,154.043449743495,18.2487348102508,2.54335568989235
"623",2016,"MISSOURI","mid",156.952777777778,159.5,11300.6,188.4,105,16.6054434604182,154.043449743495,1.88864118476163,2.54335568989235
"624",2016,"NEBRASKA","mid",173.802409638554,181.3,14425.6,212.9,81.9,-2.85536756690924,154.043449743495,12.82687444871,2.54335568989235
"625",2016,"NORTH DAKOTA","north",134.341666666667,136.55,6448.4,197.5,57.8,20.7073503702001,154.043449743495,-12.7897571169915,2.54335568989235
"626",2016,"OKLAHOMA","south",91.271875,88,2920.7,170,45.2,-2.36878251568047,154.043449743495,-40.7492657740518,2.54335568989235
"627",2016,"SOUTH DAKOTA","north",151.107843137255,151.3,7706.5,223.8,90.3,1.47239871408775,154.043449743495,-1.90570037942405,2.54335568989235
"628",2016,"TENNESSEE","south",136.439344262295,141.7,8322.8,178.7,50,-12.2895840147778,154.043449743495,-11.4280130122462,2.54335568989235
"629",2016,"TEXAS","south",108.161038961039,99.7,8328.4,220.8,57.1,1.89384964551813,154.043449743495,-29.7853695557044,2.54335568989235
"630",2016,"WISCONSIN","north",168.762295081967,169.3,10294.5,203,115.1,8.64713457330322,154.043449743495,9.55499592029504,2.54335568989235
"631",2017,"ARKANSAS","south",179.906896551724,183.4,5217.3,203.4,141.9,7.4665090021361,157.421269653355,14.2837285888263,2.19277088086811
"632",2017,"ILLINOIS","mid",190.633,194.5,19063.3,246.7,119.6,3.87127313592945,157.421269653355,21.0973589653917,2.19277088086811
"633",2017,"INDIANA","mid",177.439772727273,177.85,15614.7,206,142.1,6.43130817739173,157.421269653355,12.7165173537219,2.19277088086811
"634",2017,"IOWA","mid",197.942708333333,200.7,19002.5,222.4,107.3,-1.09907527972505,157.421269653355,25.740764744947,2.19277088086811
"635",2017,"KANSAS","mid",124.24125,126.2,9939.3,199.6,48.1,-8.63986989303188,157.421269653355,-21.0772151224659,2.19277088086811
"636",2017,"KENTUCKY","mid",167.21625,170.3,13377.3,205,106.7,8.67245042492919,157.421269653355,6.2221454370265,2.19277088086811
"637",2017,"MINNESOTA","north",183.313698630137,190.2,13381.9,218.9,117.8,0.63642056247184,157.421269653355,16.4478593228209,2.19277088086811
"638",2017,"MISSOURI","mid",159.522891566265,160.4,13240.4,205.6,90,1.63750767898239,157.421269653355,1.33503046795282,2.19277088086811
"639",2017,"NEBRASKA","mid",176.930379746835,182.2,13977.5,219.9,82.2,1.79972769928005,157.421269653355,12.392931486603,2.19277088086811
"640",2017,"NORTH DAKOTA","north",115.868292682927,118.4,4750.6,187.3,33.1,-13.7510382609564,157.421269653355,-26.3960372457473,2.19277088086811
"641",2017,"OKLAHOMA","south",99.9466666666667,94.05,2998.4,187.5,32.6,9.50434256627979,157.421269653355,-36.5100618952244,2.19277088086811
"642",2017,"SOUTH DAKOTA","north",134.740816326531,139.7,6602.3,188.2,44.1,-10.8313549256723,157.421269653355,-14.407489773629,2.19277088086811
"643",2017,"TENNESSEE","south",161.420588235294,165.65,10976.6,191.2,106.7,18.3094136871358,157.421269653355,2.54051983619881,2.19277088086811
"644",2017,"TEXAS","south",128.7625,111.65,9270.9,220.9,75.4,19.0470258392969,157.421269653355,-18.2051445249183,2.19277088086811
"645",2017,"WISCONSIN","north",163.433333333333,166.55,9806,206,82.6,-3.15767319118623,157.421269653355,3.81909235849605,2.19277088086811
"646",2018,"ARKANSAS","south",179.522222222222,185.3,4847.1,200,110,-0.213818556639567,156.524640925052,14.6926267718975,-0.569572796787465
"647",2018,"ILLINOIS","mid",202.591111111111,206.05,18233.2,246,147.7,6.27284421433387,156.524640925052,29.4308103272489,-0.569572796787465
"648",2018,"INDIANA","mid",187.181176470588,187.1,15910.4,215.7,142.1,5.489977581457,156.524640925052,19.5857568267579,-0.569572796787465
"649",2018,"IOWA","mid",192.592708333333,193.3,18488.9,226,142.6,-2.70280226286015,156.524640925052,23.0430603099432,-0.569572796787465
"650",2018,"KANSAS","mid",117.837313432836,116.4,7895.1,187.6,50.7,-5.15443668440567,156.524640925052,-24.7164454513845,-0.569572796787465
"651",2018,"KENTUCKY","mid",169.622666666667,174,12721.7,202,125,1.43910455273735,156.524640925052,8.36802797579117,-0.569572796787465
"652",2018,"MINNESOTA","north",177.814285714286,183,11202.3,206.9,90.4,-3.00000106754006,156.524640925052,13.6014653433565,-0.569572796787465
"653",2018,"MISSOURI","mid",134.338983050847,137.9,7926,179.5,67.5,-15.7870185702823,156.524640925052,-14.1739075349978,-0.569572796787465
"654",2018,"NEBRASKA","mid",189.011688311688,196,14553.9,233.5,109.5,6.8282838606573,156.524640925052,20.7552288218903,-0.569572796787465
"655",2018,"NORTH DAKOTA","north",127.057575757576,122,4192.9,207.6,70.5,9.65689820360809,156.524640925052,-18.8258315069929,-0.569572796787465
"656",2018,"OKLAHOMA","south",103.49,103.95,2069.8,171.3,69.8,3.5452241195304,156.524640925052,-33.8826146551878,-0.569572796787465
"657",2018,"SOUTH DAKOTA","north",148.244230769231,160.95,7708.7,198.9,59,10.0217698028309,156.524640925052,-5.29016396835933,-0.569572796787465
"658",2018,"TENNESSEE","south",164.12380952381,163.8,10339.8,196.9,119.5,1.67464467703158,156.524640925052,4.85493437572972,-0.569572796787465
"659",2018,"TEXAS","south",91.9970149253731,74.7,6163.8,200.9,42.7,-28.5529444322896,156.524640925052,-41.2252189932039,-0.569572796787465
"660",2018,"WISCONSIN","north",162.444827586207,163.7,9421.8,202.7,112.3,-0.604837291735538,156.524640925052,3.78227135751103,-0.569572796787465
"661",2019,"ARKANSAS","south",170.786206896552,177,4952.8,193,119.8,-4.86625845955526,152.508715891961,11.9845550450628,-2.56568231644335
"662",2019,"ILLINOIS","mid",175.850574712644,179,15299,206.3,124.5,-13.1992643960581,152.508715891961,15.3052621839778,-2.56568231644335
"663",2019,"INDIANA","mid",162.075641025641,167.6,12641.9,194.6,121,-13.4124252867339,152.508715891961,6.27303500506632,-2.56568231644335
"664",2019,"IOWA","mid",193.951086956522,196.7,17843.5,234.7,151.5,0.70531155355964,152.508715891961,27.1737722150377,-2.56568231644335
"665",2019,"KANSAS","mid",124.946875,123.1,7996.6,185,68,6.0333703816291,152.508715891961,-18.0723053962937,-2.56568231644335
"666",2019,"KENTUCKY","mid",156.5515625,161.5,10019.3,200,110,-7.70598907771761,152.508715891961,2.65089544842985,-2.56568231644335
"667",2019,"MINNESOTA","north",168.8,172.7,10972,199.3,123.7,-5.06949465734715,152.508715891961,10.6821987273041,-2.56568231644335
"668",2019,"MISSOURI","mid",149.498214285714,149.65,8371.9,192.2,114,11.2843129303198,152.508715891961,-1.97398659390691,-2.56568231644335
"669",2019,"NEBRASKA","mid",180.318666666667,186.6,13523.9,214.9,109.7,-4.59919792403869,152.508715891961,18.2349911033323,-2.56568231644335
"670",2019,"NORTH DAKOTA","north",120.22,119.25,3606.6,156.3,84.2,-5.38147821316989,152.508715891961,-21.1717184182672,-2.56568231644335
"671",2019,"OKLAHOMA","south",100.170833333333,93.75,2404.1,183.3,37.1,-3.2072341933198,152.508715891961,-34.3179616014239,-2.56568231644335
"672",2019,"SOUTH DAKOTA","north",142.951612903226,144.5,4431.5,177.5,96.8,-3.57020157785695,152.508715891961,-6.26659462237275,-2.56568231644335
"673",2019,"TENNESSEE","south",167.438095238095,171.5,10548.6,201.5,123,2.01938141936981,152.508715891961,9.78919746246515,-2.56568231644335
"674",2019,"TEXAS","south",118.107575757576,110.85,7795.1,213.9,63.2,28.3819652772247,152.508715891961,-22.5568354786723,-2.56568231644335
"675",2019,"WISCONSIN","north",155.963793103448,156.8,9045.9,198.1,111.1,-3.98968349996816,152.508715891961,2.26549492026063,-2.56568231644335
"676",2020,"ARKANSAS","south",180.835714285714,184.15,5063.4,199.3,115.1,5.88426171631631,157.422715895324,14.8726937260811,3.22211092961002
"677",2020,"ILLINOIS","mid",187.543,189.55,18754.3,216.3,152.9,6.64906856657297,157.422715895324,19.1333785174333,3.22211092961002
"678",2020,"INDIANA","mid",184.364444444444,184.25,16592.8,221.9,136.6,13.7520994998115,157.422715895324,17.1142572378404,3.22211092961002
"679",2020,"IOWA","mid",176.03125,179.4,16899,208.3,133.5,-9.23935887017682,157.422715895324,11.820742641138,3.22211092961002
"680",2020,"KANSAS","mid",134.83956043956,135.7,12270.4,202.7,49.9,7.91751329479864,157.422715895324,-14.3455506578732,3.22211092961002
"681",2020,"KENTUCKY","mid",168.357142857143,171.65,14142,210.2,97.5,7.54101726524952,157.422715895324,6.94590161250273,3.22211092961002
"682",2020,"MINNESOTA","north",179.979487179487,187.25,14038.4,216,119.6,6.6229189451938,157.422715895324,14.32879057884,3.22211092961002
"683",2020,"MISSOURI","mid",158.483333333333,164.4,14263.5,206.6,88.7,6.01018486444733,157.422715895324,0.673738495729296,3.22211092961002
"684",2020,"NEBRASKA","mid",176.071428571429,183.05,14790,231.1,65.5,-2.35540677720818,157.422715895324,11.8462653690366,3.22211092961002
"685",2020,"NORTH DAKOTA","north",120.236956521739,116.65,5530.9,187.6,45.7,0.0141045763925485,157.422715895324,-23.6215968973061,3.22211092961002
"686",2020,"OKLAHOMA","south",111.131034482759,103.1,3222.8,192.9,40.2,10.9415094041931,157.422715895324,-29.4059730511487,3.22211092961002
"687",2020,"SOUTH DAKOTA","north",145.938983050847,161,8610.4,194.2,45.7,2.08977715392693,157.422715895324,-7.29483847306537,3.22211092961002
"688",2020,"TENNESSEE","south",161.328787878788,165.55,10647.7,196.7,108.2,-3.64869616476463,157.422715895324,2.48126324161579,3.22211092961002
"689",2020,"TEXAS","south",113.015,101,6780.9,215.6,28,-4.31181126605175,157.422715895324,-28.2092172293942,3.22211092961002
"690",2020,"WISCONSIN","north",163.184615384615,165.3,10607,205.2,120.6,4.62980678879596,157.422715895324,3.66014488857042,3.22211092961002
