"","Year","State","irrigated_sum","non_irrigated_sum","total","pc_irr","pc_non_irr"
"1",1944,"MONTANA",28,16,44,0.636363636363636,0.363636363636364
"2",1945,"MONTANA",26,12,38,0.684210526315789,0.315789473684211
"3",1946,"MONTANA",25,13,38,0.657894736842105,0.342105263157895
"4",1947,"MONTANA",27,17,44,0.613636363636364,0.386363636363636
"5",1947,"NEBRASKA",49,17.9,66.9,0.732436472346786,0.267563527653214
"6",1948,"MONTANA",39,18,57,0.684210526315789,0.315789473684211
"7",1948,"NEBRASKA",57.3,33.6,90.9,0.63036303630363,0.36963696369637
"8",1949,"MONTANA",38,5,43,0.883720930232558,0.116279069767442
"9",1949,"NEBRASKA",55,29.3,84.3,0.652431791221827,0.347568208778173
"10",1950,"MONTANA",41,16,57,0.719298245614035,0.280701754385965
"11",1950,"NEBRASKA",59.7,34.2,93.9,0.635782747603834,0.364217252396166
"12",1951,"MONTANA",33,13,46,0.717391304347826,0.282608695652174
"13",1951,"NEBRASKA",53.1,25.5,78.6,0.67557251908397,0.324427480916031
"14",1952,"MONTANA",38,10,48,0.791666666666667,0.208333333333333
"15",1952,"NEBRASKA",60.2,36.3,96.5,0.623834196891192,0.376165803108808
"16",1953,"MONTANA",39,18,57,0.684210526315789,0.315789473684211
"17",1953,"NEBRASKA",56.2,26.8,83,0.67710843373494,0.32289156626506
"18",1954,"MONTANA",37,11,48,0.770833333333333,0.229166666666667
"19",1954,"NEBRASKA",56.8,26.1,82.9,0.685162846803377,0.314837153196622
"20",1955,"MONTANA",44,18,62,0.709677419354839,0.290322580645161
"21",1955,"NEBRASKA",59.3,11.4,70.7,0.838755304101839,0.161244695898161
"22",1955,"WYOMING",43,15,58,0.741379310344828,0.258620689655172
"23",1956,"MONTANA",51,12,63,0.80952380952381,0.19047619047619
"24",1956,"NEBRASKA",70.9,11.4,82.3,0.861482381530984,0.138517618469016
"25",1956,"SOUTH DAKOTA",50.8,0,50.8,1,0
"26",1956,"WYOMING",50,17,67,0.746268656716418,0.253731343283582
"27",1957,"MONTANA",51,17,68,0.75,0.25
"28",1957,"NEBRASKA",74.4,35.9,110.3,0.674524025385313,0.325475974614687
"29",1957,"SOUTH DAKOTA",60.8,0,60.8,1,0
"30",1957,"WYOMING",54,16,70,0.771428571428571,0.228571428571429
"31",1958,"MONTANA",49,12,61,0.80327868852459,0.19672131147541
"32",1958,"NEBRASKA",76.1,43.1,119.2,0.638422818791946,0.361577181208054
"33",1958,"SOUTH DAKOTA",58,0,58,1,0
"34",1958,"WYOMING",55,20,75,0.733333333333333,0.266666666666667
"35",1959,"MONTANA",57,10,67,0.850746268656716,0.149253731343284
"36",1959,"NEBRASKA",75.5,40.6,116.1,0.650301464254953,0.349698535745047
"37",1959,"NEW MEXICO",37,15,52,0.711538461538462,0.288461538461538
"38",1959,"SOUTH DAKOTA",60.1,0,60.1,1,0
"39",1959,"WYOMING",59,20,79,0.746835443037975,0.253164556962025
"40",1960,"MONTANA",66,20,86,0.767441860465116,0.232558139534884
"41",1960,"NEBRASKA",79,42.1,121.1,0.652353426919901,0.347646573080099
"42",1960,"NEW MEXICO",48,14,62,0.774193548387097,0.225806451612903
"43",1960,"SOUTH DAKOTA",68.9,0,68.9,1,0
"44",1960,"WYOMING",53,17,70,0.757142857142857,0.242857142857143
"45",1961,"MONTANA",64,19,83,0.771084337349398,0.228915662650602
"46",1961,"NEBRASKA",79.1,42.3,121.4,0.651565074135091,0.348434925864909
"47",1961,"NEW MEXICO",40,15,55,0.727272727272727,0.272727272727273
"48",1961,"SOUTH DAKOTA",71.5,0,71.5,1,0
"49",1961,"WYOMING",62,26,88,0.704545454545455,0.295454545454545
"50",1962,"MONTANA",57,26,83,0.686746987951807,0.313253012048193
"51",1962,"NEBRASKA",86.1,52.5,138.6,0.621212121212121,0.378787878787879
"52",1962,"NEW MEXICO",41.7,11.8,53.5,0.779439252336449,0.220560747663551
"53",1962,"SOUTH DAKOTA",66.8,0,66.8,1,0
"54",1962,"WYOMING",40,0,40,1,0
"55",1963,"COLORADO",80,18,98,0.816326530612245,0.183673469387755
"56",1963,"MONTANA",70,30,100,0.7,0.3
"57",1963,"NEBRASKA",84.3,46.7,131,0.643511450381679,0.356488549618321
"58",1963,"NEW MEXICO",42.6,10.9,53.5,0.796261682242991,0.203738317757009
"59",1963,"SOUTH DAKOTA",73.5,0,73.5,1,0
"60",1963,"WYOMING",56,17,73,0.767123287671233,0.232876712328767
"61",1964,"COLORADO",77.5,14,91.5,0.846994535519126,0.153005464480874
"62",1964,"MONTANA",73,22,95,0.768421052631579,0.231578947368421
"63",1964,"NEBRASKA",82.5,40.5,123,0.670731707317073,0.329268292682927
"64",1964,"SOUTH DAKOTA",60,0,60,1,0
"65",1964,"WYOMING",58,20,78,0.743589743589744,0.256410256410256
"66",1965,"COLORADO",79.5,20,99.5,0.798994974874372,0.201005025125628
"67",1965,"MONTANA",58,25,83,0.698795180722892,0.301204819277108
"68",1965,"NEBRASKA",95.5,56.4,151.9,0.628703094140882,0.371296905859118
"69",1965,"NEW MEXICO",45.5,10.7,56.2,0.809608540925267,0.190391459074733
"70",1965,"SOUTH DAKOTA",77.9,0,77.9,1,0
"71",1965,"WYOMING",51,17,68,0.75,0.25
"72",1966,"COLORADO",87.5,29,116.5,0.751072961373391,0.248927038626609
"73",1966,"MONTANA",72,13,85,0.847058823529412,0.152941176470588
"74",1966,"NEBRASKA",104.8,65.1,169.9,0.616833431430253,0.383166568569747
"75",1966,"NEW MEXICO",49.2,10,59.2,0.831081081081081,0.168918918918919
"76",1966,"SOUTH DAKOTA",84.9,0,84.9,1,0
"77",1966,"WYOMING",65,20,85,0.764705882352941,0.235294117647059
"78",1967,"COLORADO",90,21,111,0.810810810810811,0.189189189189189
"79",1967,"MONTANA",76,12,88,0.863636363636364,0.136363636363636
"80",1967,"NEBRASKA",101.7,54.9,156.6,0.649425287356322,0.350574712643678
"81",1967,"NEW MEXICO",56.7,12,68.7,0.825327510917031,0.174672489082969
"82",1967,"SOUTH DAKOTA",84.6,0,84.6,1,0
"83",1967,"WYOMING",70,25,95,0.736842105263158,0.263157894736842
"84",1968,"COLORADO",92,22.5,114.5,0.803493449781659,0.196506550218341
"85",1968,"MONTANA",75,0,75,1,0
"86",1968,"NEBRASKA",102.9,49,151.9,0.67741935483871,0.32258064516129
"87",1968,"SOUTH DAKOTA",92.5,0,92.5,1,0
"88",1968,"WYOMING",75,0,75,1,0
"89",1969,"COLORADO",102.5,20.5,123,0.833333333333333,0.166666666666667
"90",1969,"MONTANA",73,0,73,1,0
"91",1969,"NEBRASKA",121,72.8,193.8,0.624355005159959,0.375644994840041
"92",1969,"SOUTH DAKOTA",95.7,0,95.7,1,0
"93",1969,"WYOMING",74,20,94,0.787234042553192,0.212765957446809
"94",1970,"COLORADO",103.5,23,126.5,0.818181818181818,0.181818181818182
"95",1970,"MONTANA",72,0,72,1,0
"96",1970,"NEBRASKA",111.4,45.6,157,0.709554140127389,0.290445859872611
"97",1970,"SOUTH DAKOTA",85.6,0,85.6,1,0
"98",1970,"WYOMING",65,0,65,1,0
"99",1971,"COLORADO",91,25,116,0.78448275862069,0.21551724137931
"100",1971,"MONTANA",76,0,76,1,0
"101",1971,"NEBRASKA",111.8,60.6,172.4,0.648491879350348,0.351508120649652
"102",1971,"NEW MEXICO",58,14.8,72.8,0.796703296703297,0.203296703296703
"103",1971,"SOUTH DAKOTA",91,0,91,1,0
"104",1971,"WYOMING",79,25,104,0.759615384615385,0.240384615384615
"105",1972,"COLORADO",106.5,28,134.5,0.79182156133829,0.20817843866171
"106",1972,"IDAHO",87,0,87,1,0
"107",1972,"KANSAS",124,87,211,0.587677725118483,0.412322274881517
"108",1972,"MONTANA",78,0,78,1,0
"109",1972,"NEBRASKA",124.1,85.4,209.5,0.59236276849642,0.40763723150358
"110",1972,"SOUTH DAKOTA",100,0,100,1,0
"111",1972,"WYOMING",86.5,27,113.5,0.762114537444934,0.237885462555066
"112",1973,"COLORADO",105.5,28,133.5,0.790262172284644,0.209737827715356
"113",1973,"KANSAS",121,77,198,0.611111111111111,0.388888888888889
"114",1973,"MONTANA",73,0,73,1,0
"115",1973,"NEBRASKA",114,75.9,189.9,0.600315955766193,0.399684044233807
"116",1973,"SOUTH DAKOTA",98.4,0,98.4,1,0
"117",1973,"WYOMING",91.5,30,121.5,0.753086419753086,0.246913580246914
"118",1974,"COLORADO",102.5,19,121.5,0.843621399176955,0.156378600823045
"119",1974,"KANSAS",108,39,147,0.73469387755102,0.26530612244898
"120",1974,"MONTANA",65,0,65,1,0
"121",1974,"NEBRASKA",104,29.5,133.5,0.779026217228464,0.220973782771536
"122",1974,"SOUTH DAKOTA",84,0,84,1,0
"123",1974,"WYOMING",73.2,30,103.2,0.709302325581395,0.290697674418605
"124",1975,"COLORADO",96,16,112,0.857142857142857,0.142857142857143
"125",1975,"KANSAS",106,46,152,0.697368421052632,0.302631578947368
"126",1975,"MONTANA",73,0,73,1,0
"127",1975,"NEBRASKA",112.7,47.6,160.3,0.703056768558952,0.296943231441048
"128",1975,"WYOMING",81.6,35,116.6,0.699828473413379,0.300171526586621
"129",1976,"COLORADO",105.5,18,123.5,0.854251012145749,0.145748987854251
"130",1976,"KANSAS",116,52,168,0.69047619047619,0.30952380952381
"131",1976,"MONTANA",75,0,75,1,0
"132",1976,"NEBRASKA",112,40.4,152.4,0.73490813648294,0.26509186351706
"133",1976,"WYOMING",88.5,40,128.5,0.688715953307393,0.311284046692607
"134",1977,"COLORADO",118.5,30,148.5,0.797979797979798,0.202020202020202
"135",1977,"KANSAS",106,65,171,0.619883040935672,0.380116959064327
"136",1977,"MONTANA",68,0,68,1,0
"137",1977,"NEBRASKA",116,64.2,180.2,0.643729189789123,0.356270810210877
"138",1977,"WYOMING",86.2,28,114.2,0.754816112084063,0.245183887915937
"139",1978,"COLORADO",113.5,18,131.5,0.863117870722434,0.136882129277567
"140",1978,"KANSAS",116,69,185,0.627027027027027,0.372972972972973
"141",1978,"MONTANA",72,0,72,1,0
"142",1978,"NEBRASKA",126,85.2,211.2,0.596590909090909,0.403409090909091
"143",1978,"WYOMING",82.5,31,113.5,0.726872246696035,0.273127753303965
"144",1979,"COLORADO",129,44,173,0.745664739884393,0.254335260115607
"145",1979,"KANSAS",129,90,219,0.589041095890411,0.410958904109589
"146",1979,"MONTANA",77,0,77,1,0
"147",1979,"NEBRASKA",128,87.6,215.6,0.593692022263451,0.406307977736549
"148",1979,"WYOMING",87.9,37,124.9,0.703763010408327,0.296236989591673
"149",1980,"COLORADO",121,30,151,0.801324503311258,0.198675496688742
"150",1980,"KANSAS",110,39,149,0.738255033557047,0.261744966442953
"151",1980,"MONTANA",74,0,74,1,0
"152",1980,"NEBRASKA",101,48.2,149.2,0.676943699731903,0.323056300268097
"153",1980,"WYOMING",97.8,35,132.8,0.73644578313253,0.26355421686747
"154",1981,"COLORADO",138,37,175,0.788571428571429,0.211428571428571
"155",1981,"KANSAS",140,96,236,0.593220338983051,0.406779661016949
"156",1981,"MONTANA",85,0,85,1,0
"157",1981,"NEBRASKA",129,79.1,208.1,0.619894281595387,0.380105718404613
"158",1981,"TEXAS",138.3,80.8,219.1,0.631218621633957,0.368781378366043
"159",1981,"WYOMING",110.8,34,144.8,0.765193370165746,0.234806629834254
"160",1982,"COLORADO",131,48,179,0.731843575418994,0.268156424581006
"161",1982,"KANSAS",128,82,210,0.60952380952381,0.39047619047619
"162",1982,"MONTANA",100,0,100,1,0
"163",1982,"NEBRASKA",123,84.6,207.6,0.592485549132948,0.407514450867052
"164",1982,"NORTH DAKOTA",110.3,62.9,173.2,0.636836027713626,0.363163972286374
"165",1982,"TEXAS",130.4,68.2,198.6,0.656596173212487,0.343403826787513
"166",1982,"WYOMING",106.4,39,145.4,0.731774415405777,0.268225584594223
"167",1983,"COLORADO",125,38.5,163.5,0.764525993883792,0.235474006116208
"168",1983,"KANSAS",120,36,156,0.769230769230769,0.230769230769231
"169",1983,"MONTANA",105,0,105,1,0
"170",1983,"NEBRASKA",116,58.4,174.4,0.665137614678899,0.334862385321101
"171",1983,"NORTH DAKOTA",107.4,63,170.4,0.630281690140845,0.369718309859155
"172",1983,"TEXAS",125.4,66.7,192.1,0.652785007808433,0.347214992191567
"173",1983,"WYOMING",104,0,104,1,0
"174",1984,"COLORADO",137,35,172,0.796511627906977,0.203488372093023
"175",1984,"KANSAS",147,66,213,0.690140845070423,0.309859154929577
"176",1984,"MONTANA",92,0,92,1,0
"177",1984,"NEBRASKA",134,78.4,212.4,0.630885122410546,0.369114877589454
"178",1984,"NEW MEXICO",151.3,31,182.3,0.829950630828305,0.170049369171695
"179",1984,"NORTH DAKOTA",110.1,60.9,171,0.643859649122807,0.356140350877193
"180",1984,"SOUTH DAKOTA",121.1,63,184.1,0.657794676806084,0.342205323193916
"181",1984,"TEXAS",139.2,51.6,190.8,0.729559748427673,0.270440251572327
"182",1984,"WYOMING",100,0,100,1,0
"183",1985,"COLORADO",142.5,36,178.5,0.798319327731092,0.201680672268908
"184",1985,"KANSAS",147,94,241,0.609958506224066,0.390041493775934
"185",1985,"MONTANA",95,0,95,1,0
"186",1985,"NEBRASKA",141.5,99.5,241,0.587136929460581,0.412863070539419
"187",1985,"NEW MEXICO",156.3,16.7,173,0.903468208092486,0.0965317919075144
"188",1985,"NORTH DAKOTA",99.4,68.5,167.9,0.592019058963669,0.407980941036331
"189",1985,"OKLAHOMA",123.4,80.9,204.3,0.604013705335291,0.395986294664709
"190",1985,"SOUTH DAKOTA",123.1,81.2,204.3,0.602545276554087,0.397454723445913
"191",1985,"TEXAS",138.7,75.1,213.8,0.648737137511693,0.351262862488307
"192",1985,"WYOMING",98,0,98,1,0
"193",1986,"COLORADO",149,42,191,0.780104712041885,0.219895287958115
"194",1986,"KANSAS",150,104,254,0.590551181102362,0.409448818897638
"195",1986,"MONTANA",115,0,115,1,0
"196",1986,"NEBRASKA",140.5,100.7,241.2,0.582504145936982,0.417495854063018
"197",1986,"NEW MEXICO",152,26.5,178.5,0.851540616246499,0.148459383753501
"198",1986,"NORTH DAKOTA",123.5,89.3,212.8,0.580357142857143,0.419642857142857
"199",1986,"OKLAHOMA",144.4,81.8,226.2,0.638373121131742,0.361626878868258
"200",1986,"SOUTH DAKOTA",124.7,79,203.7,0.612174766813942,0.387825233186058
"201",1986,"TEXAS",148.1,81,229.1,0.646442601484068,0.353557398515932
"202",1986,"WYOMING",114,0,114,1,0
"203",1987,"COLORADO",158,50,208,0.759615384615385,0.240384615384615
"204",1987,"KANSAS",134,91,225,0.595555555555556,0.404444444444444
"205",1987,"MONTANA",105,0,105,1,0
"206",1987,"NEBRASKA",148,92.5,240.5,0.615384615384615,0.384615384615385
"207",1987,"NEW MEXICO",156.6,18.2,174.8,0.895881006864989,0.104118993135011
"208",1987,"NORTH DAKOTA",127,88.8,215.8,0.588507877664504,0.411492122335496
"209",1987,"OKLAHOMA",107,72.7,179.7,0.595436839176405,0.404563160823595
"210",1987,"SOUTH DAKOTA",126.8,79.6,206.4,0.614341085271318,0.385658914728682
"211",1987,"TEXAS",146,76.4,222.4,0.656474820143885,0.343525179856115
"212",1987,"WYOMING",111,0,111,1,0
"213",1988,"COLORADO",162.9,54.9,217.8,0.747933884297521,0.252066115702479
"214",1988,"KANSAS",149,70,219,0.680365296803653,0.319634703196347
"215",1988,"MONTANA",110,0,110,1,0
"216",1988,"NEBRASKA",146,73.4,219.4,0.665451230628988,0.334548769371012
"217",1988,"NEW MEXICO",156.8,25,181.8,0.862486248624862,0.137513751375137
"218",1988,"NORTH DAKOTA",110,49.6,159.6,0.68922305764411,0.31077694235589
"219",1988,"OKLAHOMA",115,57.4,172.4,0.667053364269142,0.332946635730858
"220",1988,"SOUTH DAKOTA",117.1,49.7,166.8,0.702038369304556,0.297961630695444
"221",1988,"TEXAS",137.8,63,200.8,0.686254980079681,0.313745019920319
"222",1988,"WYOMING",122,0,122,1,0
"223",1989,"COLORADO",148,55,203,0.729064039408867,0.270935960591133
"224",1989,"KANSAS",148,67,215,0.688372093023256,0.311627906976744
"225",1989,"MONTANA",80,0,80,1,0
"226",1989,"NEBRASKA",142.5,67.3,209.8,0.679218303145853,0.320781696854147
"227",1989,"NEW MEXICO",161.2,12.5,173.7,0.928036845135291,0.0719631548647093
"228",1989,"NORTH DAKOTA",112,69.7,181.7,0.616400660429279,0.383599339570721
"229",1989,"OKLAHOMA",146.4,76.6,223,0.656502242152466,0.343497757847534
"230",1989,"SOUTH DAKOTA",122,67.7,189.7,0.643120716921455,0.356879283078545
"231",1989,"TEXAS",137.7,68.8,206.5,0.66682808716707,0.33317191283293
"232",1989,"WYOMING",95,0,95,1,0
"233",1990,"COLORADO",158,57.5,215.5,0.733178654292343,0.266821345707657
"234",1990,"KANSAS",153.6,78.8,232.4,0.660929432013769,0.339070567986231
"235",1990,"MONTANA",95,0,95,1,0
"236",1990,"NEBRASKA",145.5,88.7,234.2,0.621263877028181,0.378736122971819
"237",1990,"NEW MEXICO",146.3,19.5,165.8,0.882388419782871,0.117611580217129
"238",1990,"NORTH DAKOTA",124,73.5,197.5,0.627848101265823,0.372151898734177
"239",1990,"OKLAHOMA",140,58.3,198.3,0.706001008572869,0.293998991427131
"240",1990,"SOUTH DAKOTA",123.4,75,198.4,0.621975806451613,0.378024193548387
"241",1990,"TEXAS",141,39.2,180.2,0.782463928967814,0.217536071032187
"242",1990,"WYOMING",120,0,120,1,0
"243",1991,"COLORADO",159,54.5,213.5,0.744730679156909,0.255269320843091
"244",1991,"KANSAS",156.1,54.9,211,0.739810426540284,0.260189573459716
"245",1991,"MONTANA",120,0,120,1,0
"246",1991,"NEBRASKA",150.5,77.2,227.7,0.660957400087835,0.339042599912165
"247",1991,"NEW MEXICO",166.6,25.7,192.3,0.866354654186168,0.133645345813833
"248",1991,"NORTH DAKOTA",124,85.9,209.9,0.59075750357313,0.40924249642687
"249",1991,"OKLAHOMA",139.4,75,214.4,0.650186567164179,0.349813432835821
"250",1991,"SOUTH DAKOTA",126,70.8,196.8,0.640243902439024,0.359756097560976
"251",1991,"TEXAS",145.3,73.8,219.1,0.663167503423094,0.336832496576905
"252",1991,"WYOMING",119,0,119,1,0
"253",1992,"COLORADO",156.5,65.5,222,0.704954954954955,0.295045045045045
"254",1992,"KANSAS",166.6,113.8,280.4,0.594151212553495,0.405848787446505
"255",1992,"MONTANA",110,0,110,1,0
"256",1992,"NEBRASKA",143.5,117.2,260.7,0.550441120061373,0.449558879938627
"257",1992,"NEW MEXICO",162.3,36.2,198.5,0.817632241813602,0.182367758186398
"258",1992,"NORTH DAKOTA",85.7,60.2,145.9,0.587388622344071,0.412611377655929
"259",1992,"OKLAHOMA",171.4,95.8,267.2,0.641467065868264,0.358532934131737
"260",1992,"SOUTH DAKOTA",110,82.5,192.5,0.571428571428571,0.428571428571429
"261",1992,"TEXAS",174.9,75.7,250.6,0.697924980047885,0.302075019952115
"262",1992,"WYOMING",99.2,34,133.2,0.744744744744745,0.255255255255255
"263",1993,"COLORADO",128,51,179,0.715083798882682,0.284916201117318
"264",1993,"KANSAS",141.7,66.5,208.2,0.68059558117195,0.31940441882805
"265",1993,"MONTANA",105,0,105,1,0
"266",1993,"NEBRASKA",110.9,90,200.9,0.552015928322549,0.447984071677451
"267",1993,"NEW MEXICO",167.5,39.4,206.9,0.809569840502658,0.190430159497342
"268",1993,"NORTH DAKOTA",56.3,43.6,99.9,0.563563563563564,0.436436436436436
"269",1993,"OKLAHOMA",141,54,195,0.723076923076923,0.276923076923077
"270",1993,"SOUTH DAKOTA",102,60.6,162.6,0.627306273062731,0.372693726937269
"271",1993,"TEXAS",153.3,76.3,229.6,0.667682926829268,0.332317073170732
"272",1993,"WYOMING",80.2,33.5,113.7,0.705364995602463,0.294635004397537
"273",1994,"COLORADO",163,42,205,0.795121951219512,0.204878048780488
"274",1994,"KANSAS",170,90,260,0.653846153846154,0.346153846153846
"275",1994,"MONTANA",135,0,135,1,0
"276",1994,"NEBRASKA",152.6,113,265.6,0.574548192771084,0.425451807228916
"277",1994,"NEW MEXICO",153.3,24.3,177.6,0.863175675675676,0.136824324324324
"278",1994,"NORTH DAKOTA",122.5,97.1,219.6,0.557832422586521,0.442167577413479
"279",1994,"OKLAHOMA",135,71.7,206.7,0.653120464441219,0.346879535558781
"280",1994,"SOUTH DAKOTA",140,106.2,246.2,0.568643379366369,0.431356620633631
"281",1994,"TEXAS",150.3,83,233.3,0.644234890698671,0.355765109301329
"282",1994,"WYOMING",122.4,26,148.4,0.824797843665768,0.175202156334232
"283",1995,"COLORADO",121.5,34.5,156,0.778846153846154,0.221153846153846
"284",1995,"KANSAS",143,70,213,0.671361502347418,0.328638497652582
"285",1995,"MONTANA",120,0,120,1,0
"286",1995,"NEBRASKA",130.1,73,203.1,0.640571147218119,0.359428852781881
"287",1995,"NEW MEXICO",161.2,10,171.2,0.941588785046729,0.058411214953271
"288",1995,"NORTH DAKOTA",101.4,76.2,177.6,0.570945945945946,0.429054054054054
"289",1995,"OKLAHOMA",153.6,72.8,226.4,0.678445229681979,0.321554770318021
"290",1995,"SOUTH DAKOTA",118,76.5,194.5,0.606683804627249,0.393316195372751
"291",1995,"TEXAS",148.5,81.6,230.1,0.645371577574967,0.354628422425033
"292",1995,"WYOMING",105,40,145,0.724137931034483,0.275862068965517
"293",1996,"COLORADO",153,65.5,218.5,0.700228832951945,0.299771167048055
"294",1996,"KANSAS",177,105,282,0.627659574468085,0.372340425531915
"295",1996,"MONTANA",137,0,137,1,0
"296",1996,"NEBRASKA",156.4,115,271.4,0.576271186440678,0.423728813559322
"297",1996,"NEW MEXICO",175,0,175,1,0
"298",1996,"NORTH DAKOTA",120.2,87.4,207.6,0.578998073217726,0.421001926782274
"299",1996,"OKLAHOMA",171,82.5,253.5,0.674556213017751,0.325443786982249
"300",1996,"SOUTH DAKOTA",140,98,238,0.588235294117647,0.411764705882353
"301",1996,"TEXAS",172.3,40.5,212.8,0.80968045112782,0.19031954887218
"302",1996,"WYOMING",124,50,174,0.71264367816092,0.28735632183908
"303",1997,"COLORADO",161,62.5,223.5,0.720357941834452,0.279642058165548
"304",1997,"KANSAS",176,92,268,0.656716417910448,0.343283582089552
"305",1997,"MONTANA",135,0,135,1,0
"306",1997,"NEBRASKA",151.6,99,250.6,0.604948124501197,0.395051875498803
"307",1997,"NEW MEXICO",175,0,175,1,0
"308",1997,"NORTH DAKOTA",121.7,96.4,218.1,0.558000917010546,0.441999082989454
"309",1997,"OKLAHOMA",163.4,89,252.4,0.647385103011094,0.352614896988906
"310",1997,"SOUTH DAKOTA",133,94.1,227.1,0.585645090268604,0.414354909731396
"311",1997,"TEXAS",182.3,87.8,270.1,0.674935209181785,0.325064790818215
"312",1997,"WYOMING",137,50,187,0.732620320855615,0.267379679144385
"313",1998,"COLORADO",167.5,67.5,235,0.712765957446808,0.287234042553192
"314",1998,"KANSAS",181,104,285,0.635087719298246,0.364912280701754
"315",1998,"MONTANA",115,0,115,1,0
"316",1998,"NEBRASKA",161.3,119,280.3,0.575454869782376,0.424545130217624
"317",1998,"NEW MEXICO",165,0,165,1,0
"318",1998,"NORTH DAKOTA",134.5,104.6,239.1,0.562526139690506,0.437473860309494
"319",1998,"OKLAHOMA",158.1,55,213.1,0.741905208822149,0.258094791177851
"320",1998,"SOUTH DAKOTA",150,119.7,269.7,0.556173526140156,0.443826473859844
"321",1998,"TEXAS",157,32.9,189.9,0.826750921537651,0.173249078462349
"322",1998,"WYOMING",131,52,183,0.715846994535519,0.284153005464481
"323",1999,"COLORADO",167.5,68.5,236,0.709745762711864,0.290254237288136
"324",1999,"KANSAS",182,93,275,0.661818181818182,0.338181818181818
"325",1999,"MONTANA",110,0,110,1,0
"326",1999,"NEBRASKA",159.4,111,270.4,0.589497041420118,0.410502958579882
"327",1999,"NEW MEXICO",180,0,180,1,0
"328",1999,"NORTH DAKOTA",146.1,114.2,260.3,0.561275451402228,0.438724548597772
"329",1999,"OKLAHOMA",186.3,76.2,262.5,0.709714285714286,0.290285714285714
"330",1999,"SOUTH DAKOTA",150,111.3,261.3,0.574052812858783,0.425947187141217
"331",1999,"TEXAS",171.3,85.2,256.5,0.667836257309942,0.332163742690058
"332",1999,"WYOMING",124,46,170,0.729411764705882,0.270588235294118
"333",2000,"COLORADO",166,30.5,196.5,0.844783715012723,0.155216284987277
"334",2000,"KANSAS",175,82,257,0.680933852140078,0.319066147859922
"335",2000,"MONTANA",140,0,140,1,0
"336",2000,"NEBRASKA",154.4,84,238.4,0.647651006711409,0.352348993288591
"337",2000,"NEW MEXICO",160,0,160,1,0
"338",2000,"NORTH DAKOTA",143.7,109.5,253.2,0.567535545023697,0.432464454976303
"339",2000,"OKLAHOMA",163.6,99.3,262.9,0.622289844047166,0.377710155952834
"340",2000,"SOUTH DAKOTA",155,110.2,265.2,0.58446455505279,0.41553544494721
"341",2000,"TEXAS",165.6,86.3,251.9,0.65740373163954,0.342596268360461
"342",2000,"WYOMING",137,40,177,0.774011299435028,0.225988700564972
"343",2001,"COLORADO",175,52,227,0.770925110132159,0.229074889867841
"344",2001,"KANSAS",173,84,257,0.673151750972763,0.326848249027237
"345",2001,"MONTANA",148,0,148,1,0
"346",2001,"NEBRASKA",173,110,283,0.6113074204947,0.3886925795053
"347",2001,"NEW MEXICO",180,0,180,1,0
"348",2001,"NORTH DAKOTA",149.6,111.6,261.2,0.572741194486983,0.427258805513017
"349",2001,"OKLAHOMA",162,70.6,232.6,0.696474634565778,0.303525365434222
"350",2001,"SOUTH DAKOTA",157.8,107.1,264.9,0.595696489241223,0.404303510758777
"351",2001,"TEXAS",166.5,77.2,243.7,0.68321707016824,0.31678292983176
"352",2001,"WYOMING",128,40,168,0.761904761904762,0.238095238095238
"353",2002,"COLORADO",165.5,25,190.5,0.868766404199475,0.131233595800525
"354",2002,"KANSAS",160,60,220,0.727272727272727,0.272727272727273
"355",2002,"MONTANA",140,0,140,1,0
"356",2002,"NEBRASKA",166.2,62,228.2,0.728308501314636,0.271691498685364
"357",2002,"NEW MEXICO",175,0,175,1,0
"358",2002,"NORTH DAKOTA",142.8,112,254.8,0.56043956043956,0.43956043956044
"359",2002,"OKLAHOMA",166.7,84.7,251.4,0.663086714399364,0.336913285600636
"360",2002,"SOUTH DAKOTA",141,92.9,233.9,0.602821718683198,0.397178281316802
"361",2002,"TEXAS",187.4,64.8,252.2,0.743061062648692,0.256938937351308
"362",2002,"WYOMING",121,13,134,0.902985074626866,0.0970149253731343
"363",2003,"COLORADO",167,27.5,194.5,0.858611825192802,0.141388174807198
"364",2003,"KANSAS",169,61,230,0.734782608695652,0.265217391304348
"365",2003,"MONTANA",140,0,140,1,0
"366",2003,"NEBRASKA",185.5,82,267.5,0.693457943925234,0.306542056074766
"367",2003,"NEW MEXICO",180,0,180,1,0
"368",2003,"NORTH DAKOTA",140.9,110.1,251,0.561354581673307,0.438645418326693
"369",2003,"OKLAHOMA",150.5,93.5,244,0.616803278688525,0.383196721311475
"370",2003,"SOUTH DAKOTA",174.2,108.4,282.6,0.616418966737438,0.383581033262562
"371",2003,"TEXAS",180.7,73.3,254,0.711417322834646,0.288582677165354
"372",2003,"WYOMING",134,47,181,0.740331491712707,0.259668508287293
"373",2004,"COLORADO",178,40,218,0.81651376146789,0.18348623853211
"374",2004,"KANSAS",192,110,302,0.635761589403974,0.364238410596026
"375",2004,"MONTANA",143,0,143,1,0
"376",2004,"NEBRASKA",186.1,134,320.1,0.581380818494221,0.418619181505779
"377",2004,"NEW MEXICO",180,0,180,1,0
"378",2004,"NORTH DAKOTA",118.8,104.1,222.9,0.532974427994616,0.467025572005384
"379",2004,"OKLAHOMA",195,95,290,0.672413793103448,0.327586206896552
"380",2004,"SOUTH DAKOTA",169.9,128.4,298.3,0.569560844787127,0.430439155212873
"381",2004,"TEXAS",193,92.5,285.5,0.67600700525394,0.32399299474606
"382",2004,"WYOMING",132,47,179,0.737430167597765,0.262569832402235
"383",2005,"COLORADO",184,38.5,222.5,0.826966292134831,0.173033707865169
"384",2005,"KANSAS",187,94,281,0.665480427046263,0.334519572953737
"385",2005,"MONTANA",148,0,148,1,0
"386",2005,"NEBRASKA",184.7,108.5,293.2,0.629945429740791,0.370054570259209
"387",2005,"NEW MEXICO",175,0,175,1,0
"388",2005,"NORTH DAKOTA",156.5,127.5,284,0.551056338028169,0.448943661971831
"389",2005,"OKLAHOMA",161.3,75.6,236.9,0.680878007598143,0.319121992401857
"390",2005,"SOUTH DAKOTA",170,116.8,286.8,0.592747559274756,0.407252440725244
"391",2005,"TEXAS",179,70.6,249.6,0.717147435897436,0.282852564102564
"392",2005,"WYOMING",143,28,171,0.83625730994152,0.16374269005848
"393",2006,"COLORADO",202.5,32,234.5,0.863539445628998,0.136460554371002
"394",2006,"KANSAS",173,72,245,0.706122448979592,0.293877551020408
"395",2006,"MONTANA",146,0,146,1,0
"396",2006,"NEBRASKA",184.8,101,285.8,0.646606018194542,0.353393981805458
"397",2006,"NEW MEXICO",185,0,185,1,0
"398",2006,"NORTH DAKOTA",158.8,108.3,267.1,0.594533882441033,0.405466117558967
"399",2006,"OKLAHOMA",160,54.8,214.8,0.74487895716946,0.25512104283054
"400",2006,"SOUTH DAKOTA",168.7,93.1,261.8,0.644385026737968,0.355614973262032
"401",2006,"TEXAS",179,72,251,0.713147410358566,0.286852589641434
"402",2006,"WYOMING",135,24,159,0.849056603773585,0.150943396226415
"403",2007,"COLORADO",192,60.5,252.5,0.76039603960396,0.23960396039604
"404",2007,"KANSAS",193,97,290,0.66551724137931,0.33448275862069
"405",2007,"MONTANA",140,0,140,1,0
"406",2007,"NEBRASKA",181.2,125,306.2,0.591770084911822,0.408229915088178
"407",2007,"NEW MEXICO",180,0,180,1,0
"408",2007,"NORTH DAKOTA",147.6,114.5,262.1,0.563143838229683,0.436856161770317
"409",2007,"OKLAHOMA",184.6,102.3,286.9,0.643429766469153,0.356570233530847
"410",2007,"SOUTH DAKOTA",172.1,118.6,290.7,0.592019263845889,0.407980736154111
"411",2007,"TEXAS",199,101,300,0.663333333333333,0.336666666666667
"412",2007,"WYOMING",133,36,169,0.78698224852071,0.21301775147929
"413",2008,"COLORADO",176,45,221,0.796380090497738,0.203619909502262
"414",2008,"KANSAS",183,97,280,0.653571428571429,0.346428571428571
"415",2008,"NEBRASKA",184,130,314,0.585987261146497,0.414012738853503
"416",2008,"NEW MEXICO",185,0,185,1,0
"417",2008,"NORTH DAKOTA",153,123,276,0.554347826086957,0.445652173913043
"418",2008,"OKLAHOMA",159,67,226,0.70353982300885,0.29646017699115
"419",2008,"SOUTH DAKOTA",174,131,305,0.570491803278689,0.429508196721311
"420",2008,"TEXAS",174,62,236,0.73728813559322,0.26271186440678
"421",2008,"WYOMING",144,38,182,0.791208791208791,0.208791208791209
"422",2009,"COLORADO",189,67,256,0.73828125,0.26171875
"423",2009,"KANSAS",205,123,328,0.625,0.375
"424",2009,"NEBRASKA",198.6,149.8,348.4,0.570034443168771,0.429965556831229
"425",2009,"NORTH DAKOTA",121,121,242,0.5,0.5
"426",2009,"OKLAHOMA",110,110,220,0.5,0.5
"427",2009,"SOUTH DAKOTA",181,150,331,0.546827794561934,0.453172205438066
"428",2009,"TEXAS",187.2,48,235.2,0.795918367346939,0.204081632653061
"429",2010,"COLORADO",200,73.9,273.9,0.730193501277839,0.269806498722161
"430",2010,"KANSAS",186.5,91.2,277.7,0.671588044652503,0.328411955347497
"431",2010,"NEBRASKA",185.6,137.5,323.1,0.574435159393377,0.425564840606623
"432",2010,"TEXAS",200.1,86.8,286.9,0.697455559428372,0.302544440571628
"433",2011,"COLORADO",184.1,55.1,239.2,0.769648829431438,0.230351170568562
"434",2011,"KANSAS",160.5,76.4,236.9,0.677501055297594,0.322498944702406
"435",2011,"NEBRASKA",180,132,312,0.576923076923077,0.423076923076923
"436",2011,"TEXAS",131,40.8,171.8,0.762514551804424,0.237485448195576
"437",2012,"COLORADO",183,17.5,200.5,0.912718204488778,0.0872817955112219
"438",2012,"KANSAS",170.2,49,219.2,0.776459854014598,0.223540145985401
"439",2012,"NEBRASKA",190.1,58.5,248.6,0.764682220434433,0.235317779565567
"440",2012,"TEXAS",173.1,83.8,256.9,0.673803036200856,0.326196963799144
"441",2013,"COLORADO",184.1,31,215.1,0.855880985588099,0.144119014411901
"442",2013,"KANSAS",189.4,88,277.4,0.682768565248738,0.317231434751262
"443",2013,"NEBRASKA",196,128.7,324.7,0.603634123806591,0.396365876193409
"444",2013,"TEXAS",193.4,83.4,276.8,0.698699421965318,0.301300578034682
"445",2014,"COLORADO",191,61.2,252.2,0.757335448057098,0.242664551942902
"446",2014,"KANSAS",196,121.8,317.8,0.616740088105727,0.383259911894273
"447",2014,"NEBRASKA",201.1,147.5,348.6,0.576878944348824,0.423121055651176
"448",2014,"TEXAS",202.1,99.8,301.9,0.669426962570388,0.330573037429612
"449",2015,"COLORADO",188.3,62.6,250.9,0.750498206456756,0.249501793543244
"450",2015,"KANSAS",206.4,115.5,321.9,0.641192917054986,0.358807082945014
"451",2015,"NEBRASKA",207.1,153.7,360.8,0.5740022172949,0.4259977827051
"452",2015,"TEXAS",183.9,75,258.9,0.710312862108922,0.289687137891078
"453",2016,"COLORADO",189.5,66.6,256.1,0.739945333853963,0.260054666146037
"454",2016,"KANSAS",189.3,120.3,309.6,0.611434108527132,0.388565891472868
"455",2016,"NEBRASKA",199.9,147.2,347.1,0.575914721982138,0.424085278017862
"456",2016,"TEXAS",178.2,81.5,259.7,0.686176357335387,0.313823642664613
"457",2017,"COLORADO",200.8,82.3,283.1,0.709290003532321,0.290709996467679
"458",2017,"KANSAS",197.5,107.3,304.8,0.647965879265092,0.352034120734908
"459",2017,"NEBRASKA",208.7,144.6,353.3,0.590716105292952,0.409283894707048
"460",2017,"TEXAS",192.3,101.2,293.5,0.655195911413969,0.344804088586031
"461",2018,"COLORADO",196.6,66.7,263.3,0.746676794530953,0.253323205469047
"462",2018,"KANSAS",195.4,102.5,297.9,0.655924806982209,0.344075193017791
"463",2018,"NEBRASKA",215.8,160.3,376.1,0.573783568199947,0.426216431800053
"464",2018,"TEXAS",160,69,229,0.698689956331878,0.301310043668122
